TIMESTAMP,FLOOR,AREA,OAC,ZONE,BAY,JOB,COMMENT
2023-02-23 12:00,F4 2F,DIFF(Fur),201-6,공조 9(2F),DP2(2F),AMCs 분석기 PM,
2023-02-23 12:00,F4 2F,DIFF(Fur),201-7,공조 10(2F),DP5(2F),AMCs 분석기 PM,
2023-02-23 12:00,F4 2F,DIFF(Imp),201-7,공조 11(2F),DP6(2F),AMCs 분석기 PM,
2023-02-23 12:00,F4 2F,ETCH,201-1,공조 1(2F),EP0(2F),AMCs 분석기 PM,
2023-02-23 12:00,F4 2F,ETCH,201-1,공조 2(2F),EP1(2F),AMCs 분석기 PM,
2023-02-23 12:00,F4 2F,ETCH,201-2,공조 2(2F),EP2(2F),AMCs 분석기 PM,
2023-02-23 12:00,F4 2F,ETCH,201-2,공조 2(2F),EP3(2F),AMCs 분석기 PM,
2023-02-23 12:00,F4 2F,ETCH,201-2,공조 3(2F),EP4(2F),AMCs 분석기 PM,
2023-02-23 12:00,F4 2F,ETCH,201-2,공조 3(2F),EP6(2F),AMCs 분석기 PM,
2023-02-23 12:00,F4 2F,ETCH,201-8,공조 12(2F),EP9(2F),AMCs 분석기 PM,
2023-02-23 12:00,F4 2F,OAC,201-4,"공조 4,5(2F)",OAC4B(2F),AMCs 분석기 PM,
2023-02-23 12:00,F4 2F,OAC,201-4,"공조 4,5(2F)",OAC4F(2F),AMCs 분석기 PM,
2023-02-23 12:00,F4 2F,OAC,201-8,"공조 11,12(2F)",OAC8B(2F),AMCs 분석기 PM,
2023-02-23 12:00,F4 2F,OAC,201-8,"공조 11,12(2F)",OAC8F(2F),AMCs 분석기 PM,
2023-02-23 12:00,F4 2F,PHOTO,201-3,공조 4(2F),PP1(2F),AMCs 분석기 PM,
2023-02-23 12:00,F4 2F,PHOTO,201-3,공조 4(2F),PP2(2F),AMCs 분석기 PM,
2023-02-23 12:00,F4 2F,PHOTO,201-4,공조 5(2F),PP3(2F),AMCs 분석기 PM,
2023-02-23 12:00,F4 2F,ThinFilm,201-1,공조 1(2F),CP5(2F),AMCs 분석기 PM,
2023-02-23 12:00,F4 2F,ThinFilm,201-5,공조 6(2F),CP3(2F),AMCs 분석기 PM,
2023-02-23 12:00,F4 2F,ThinFilm,201-5,공조 7(2F),CP2(2F),AMCs 분석기 PM,
2023-02-23 12:00,F4 2F,ThinFilm,201-5,공조 8(2F),CP1(2F),AMCs 분석기 PM,
2023-03-23 12:00,F4 2F,DIFF(Fur),201-6,공조 9(2F),DP2(2F),AMCs 분석기 PM,
2023-03-23 12:00,F4 2F,DIFF(Fur),201-7,공조 10(2F),DP5(2F),AMCs 분석기 PM,
2023-03-23 12:00,F4 2F,DIFF(Imp),201-7,공조 11(2F),DP6(2F),AMCs 분석기 PM,
2023-03-23 12:00,F4 2F,ETCH,201-1,공조 1(2F),EP0(2F),AMCs 분석기 PM,
2023-03-23 12:00,F4 2F,ETCH,201-1,공조 2(2F),EP1(2F),AMCs 분석기 PM,
2023-03-23 12:00,F4 2F,ETCH,201-2,공조 2(2F),EP2(2F),AMCs 분석기 PM,
2023-03-23 12:00,F4 2F,ETCH,201-2,공조 2(2F),EP3(2F),AMCs 분석기 PM,
2023-03-23 12:00,F4 2F,ETCH,201-2,공조 3(2F),EP4(2F),AMCs 분석기 PM,
2023-03-23 12:00,F4 2F,ETCH,201-2,공조 3(2F),EP6(2F),AMCs 분석기 PM,
2023-03-23 12:00,F4 2F,ETCH,201-8,공조 12(2F),EP9(2F),AMCs 분석기 PM,
2023-03-23 12:00,F4 2F,OAC,201-4,"공조 4,5(2F)",OAC4B(2F),AMCs 분석기 PM,
2023-03-23 12:00,F4 2F,OAC,201-4,"공조 4,5(2F)",OAC4F(2F),AMCs 분석기 PM,
2023-03-23 12:00,F4 2F,OAC,201-8,"공조 11,12(2F)",OAC8B(2F),AMCs 분석기 PM,
2023-03-23 12:00,F4 2F,OAC,201-8,"공조 11,12(2F)",OAC8F(2F),AMCs 분석기 PM,
2023-03-23 12:00,F4 2F,PHOTO,201-3,공조 4(2F),PP1(2F),AMCs 분석기 PM,
2023-03-23 12:00,F4 2F,PHOTO,201-3,공조 4(2F),PP2(2F),AMCs 분석기 PM,
2023-03-23 12:00,F4 2F,PHOTO,201-4,공조 5(2F),PP3(2F),AMCs 분석기 PM,
2023-03-23 12:00,F4 2F,ThinFilm,201-1,공조 1(2F),CP5(2F),AMCs 분석기 PM,
2023-03-23 12:00,F4 2F,ThinFilm,201-5,공조 6(2F),CP3(2F),AMCs 분석기 PM,
2023-03-23 12:00,F4 2F,ThinFilm,201-5,공조 7(2F),CP2(2F),AMCs 분석기 PM,
2023-03-23 12:00,F4 2F,ThinFilm,201-5,공조 8(2F),CP1(2F),AMCs 분석기 PM,
2023-04-01 6:48,F4 2F,ThinFilm,201-5,공조 7(2F),CP2(2F),Chemical Filter 교체,최초 설치 50T
2023-04-01 20:01,F4 2F,ThinFilm,201-5,공조 6(2F),CP3(2F),Chemical Filter 교체,50T 교체 (22/01/14 최초 설치)
2023-04-06 8:57,F4 2F,OAC,201-8,"공조 11,12(2F)",OAC8F(2F),Chemical Filter 교체,200T 교체
2023-04-06 22:09,F4 2F,OAC,201-8,"공조 11,12(2F)",OAC8B(2F),Chemical Filter 교체,200T 교체
2023-04-17 5:44,F4 2F,ETCH,201-1,공조 1(2F),EP0(2F),Chemical Filter 교체,최초 설치
2023-04-17 10:18,F4 2F,ThinFilm,201-1,공조 1(2F),CP5(2F),Chemical Filter 교체,최초 설치
2023-04-20 8:53,F4 2F,ETCH,201-1,공조 2(2F),EP1(2F),Chemical Filter 교체,긴급 교체 (22/01/28 최초 설치)
2023-04-20 12:00,F4 2F,DIFF(Fur),201-6,공조 9(2F),DP2(2F),AMCs 분석기 PM,
2023-04-20 12:00,F4 2F,DIFF(Fur),201-7,공조 10(2F),DP5(2F),AMCs 분석기 PM,
2023-04-20 12:00,F4 2F,DIFF(Imp),201-7,공조 11(2F),DP6(2F),AMCs 분석기 PM,
2023-04-20 12:00,F4 2F,ETCH,201-1,공조 1(2F),EP0(2F),AMCs 분석기 PM,
2023-04-20 12:00,F4 2F,ETCH,201-1,공조 2(2F),EP1(2F),AMCs 분석기 PM,
2023-04-20 12:00,F4 2F,ETCH,201-2,공조 2(2F),EP2(2F),AMCs 분석기 PM,
2023-04-20 12:00,F4 2F,ETCH,201-2,공조 2(2F),EP3(2F),AMCs 분석기 PM,
2023-04-20 12:00,F4 2F,ETCH,201-2,공조 3(2F),EP4(2F),AMCs 분석기 PM,
2023-04-20 12:00,F4 2F,ETCH,201-2,공조 3(2F),EP6(2F),AMCs 분석기 PM,830 Mini V/P
2023-04-20 12:00,F4 2F,ETCH,201-8,공조 12(2F),EP9(2F),AMCs 분석기 PM,830 Mini V/P
2023-04-20 12:00,F4 2F,OAC,201-4,"공조 4,5(2F)",OAC4B(2F),AMCs 분석기 PM,830 Mini V/P
2023-04-20 12:00,F4 2F,OAC,201-4,"공조 4,5(2F)",OAC4F(2F),AMCs 분석기 PM,830 Mini V/P
2023-04-20 12:00,F4 2F,OAC,201-8,"공조 11,12(2F)",OAC8B(2F),AMCs 분석기 PM,830 Mini V/P
2023-04-20 12:00,F4 2F,OAC,201-8,"공조 11,12(2F)",OAC8F(2F),AMCs 분석기 PM,830 Mini V/P
2023-04-20 12:00,F4 2F,PHOTO,201-3,공조 4(2F),PP1(2F),AMCs 분석기 PM,830 Mini V/P
2023-04-20 12:00,F4 2F,PHOTO,201-3,공조 4(2F),PP2(2F),AMCs 분석기 PM,830 Mini V/P
2023-04-20 12:00,F4 2F,PHOTO,201-4,공조 5(2F),PP3(2F),AMCs 분석기 PM,830 Mini V/P
2023-04-20 12:00,F4 2F,ThinFilm,201-1,공조 1(2F),CP5(2F),AMCs 분석기 PM,
2023-04-20 12:00,F4 2F,ThinFilm,201-5,공조 6(2F),CP3(2F),AMCs 분석기 PM,
2023-04-20 12:00,F4 2F,ThinFilm,201-5,공조 7(2F),CP2(2F),AMCs 분석기 PM,
2023-04-20 12:00,F4 2F,ThinFilm,201-5,공조 8(2F),CP1(2F),AMCs 분석기 PM,
2023-05-21 9:09,F4 2F,ETCH,201-1,공조 2(2F),EP1(2F),Chemical Filter 교체,50T → 80T로 교체
2023-05-25 12:00,F4 2F,DIFF(Fur),201-6,공조 9(2F),DP2(2F),AMCs 분석기 PM,
2023-05-25 12:00,F4 2F,DIFF(Fur),201-7,공조 10(2F),DP5(2F),AMCs 분석기 PM,
2023-05-25 12:00,F4 2F,DIFF(Imp),201-7,공조 11(2F),DP6(2F),AMCs 분석기 PM,
2023-05-25 12:00,F4 2F,ETCH,201-1,공조 1(2F),EP0(2F),AMCs 분석기 PM,
2023-05-25 12:00,F4 2F,ETCH,201-1,공조 2(2F),EP1(2F),AMCs 분석기 PM,
2023-05-25 12:00,F4 2F,ETCH,201-2,공조 2(2F),EP2(2F),AMCs 분석기 PM,
2023-05-25 12:00,F4 2F,ETCH,201-2,공조 2(2F),EP3(2F),AMCs 분석기 PM,
2023-05-25 12:00,F4 2F,ETCH,201-2,공조 3(2F),EP4(2F),AMCs 분석기 PM,
2023-05-25 12:00,F4 2F,ETCH,201-2,공조 3(2F),EP6(2F),AMCs 분석기 PM,
2023-05-25 12:00,F4 2F,ETCH,201-8,공조 12(2F),EP9(2F),AMCs 분석기 PM,
2023-05-25 12:00,F4 2F,OAC,201-4,"공조 4,5(2F)",OAC4B(2F),AMCs 분석기 PM,
2023-05-25 12:00,F4 2F,OAC,201-4,"공조 4,5(2F)",OAC4F(2F),AMCs 분석기 PM,
2023-05-25 12:00,F4 2F,OAC,201-8,"공조 11,12(2F)",OAC8B(2F),AMCs 분석기 PM,
2023-05-25 12:00,F4 2F,OAC,201-8,"공조 11,12(2F)",OAC8F(2F),AMCs 분석기 PM,
2023-05-25 12:00,F4 2F,PHOTO,201-3,공조 4(2F),PP1(2F),AMCs 분석기 PM,
2023-05-25 12:00,F4 2F,PHOTO,201-3,공조 4(2F),PP2(2F),AMCs 분석기 PM,
2023-05-25 12:00,F4 2F,PHOTO,201-4,공조 5(2F),PP3(2F),AMCs 분석기 PM,
2023-05-25 12:00,F4 2F,ThinFilm,201-1,공조 1(2F),CP5(2F),AMCs 분석기 PM,
2023-05-25 12:00,F4 2F,ThinFilm,201-5,공조 6(2F),CP3(2F),AMCs 분석기 PM,
2023-05-25 12:00,F4 2F,ThinFilm,201-5,공조 7(2F),CP2(2F),AMCs 분석기 PM,
2023-05-25 12:00,F4 2F,ThinFilm,201-5,공조 8(2F),CP1(2F),AMCs 분석기 PM,
2023-06-01 7:19,F4 2F,ETCH,201-2,공조 3(2F),EP6(2F),Ulpa Filter 교체,4장 (단순 파손교체)
2023-06-02 8:47,F4 2F,ETCH,201-1,공조 2(2F),EP1(2F),Ulpa Filter 교체,10장
2023-06-16 16:03,F4 2F,ThinFilm,201-5,공조 7(2F),CP2(2F),5C01-2B Pump leak조치,Dry pump와 Booster pump사이의 leak발견 후 조치 (초음파로 발견)
2023-06-22 12:00,F4 2F,DIFF(Fur),201-6,공조 9(2F),DP2(2F),AMCs 분석기 PM,
2023-06-22 12:00,F4 2F,DIFF(Fur),201-7,공조 10(2F),DP5(2F),AMCs 분석기 PM,
2023-06-22 12:00,F4 2F,DIFF(Imp),201-7,공조 11(2F),DP6(2F),AMCs 분석기 PM,
2023-06-22 12:00,F4 2F,ETCH,201-1,공조 1(2F),EP0(2F),AMCs 분석기 PM,
2023-06-22 12:00,F4 2F,ETCH,201-1,공조 2(2F),EP1(2F),AMCs 분석기 PM,
2023-06-22 12:00,F4 2F,ETCH,201-2,공조 2(2F),EP2(2F),AMCs 분석기 PM,
2023-06-22 12:00,F4 2F,ETCH,201-2,공조 2(2F),EP3(2F),AMCs 분석기 PM,
2023-06-22 12:00,F4 2F,ETCH,201-2,공조 3(2F),EP4(2F),AMCs 분석기 PM,
2023-06-22 12:00,F4 2F,ETCH,201-2,공조 3(2F),EP6(2F),AMCs 분석기 PM,
2023-06-22 12:00,F4 2F,ETCH,201-8,공조 12(2F),EP9(2F),AMCs 분석기 PM,
2023-06-22 12:00,F4 2F,OAC,201-4,"공조 4,5(2F)",OAC4B(2F),AMCs 분석기 PM,
2023-06-22 12:00,F4 2F,OAC,201-4,"공조 4,5(2F)",OAC4F(2F),AMCs 분석기 PM,
2023-06-22 12:00,F4 2F,OAC,201-8,"공조 11,12(2F)",OAC8B(2F),AMCs 분석기 PM,
2023-06-22 12:00,F4 2F,OAC,201-8,"공조 11,12(2F)",OAC8F(2F),AMCs 분석기 PM,
2023-06-22 12:00,F4 2F,PHOTO,201-3,공조 4(2F),PP1(2F),AMCs 분석기 PM,
2023-06-22 12:00,F4 2F,PHOTO,201-3,공조 4(2F),PP2(2F),AMCs 분석기 PM,
2023-06-22 12:00,F4 2F,PHOTO,201-4,공조 5(2F),PP3(2F),AMCs 분석기 PM,
2023-06-22 12:00,F4 2F,ThinFilm,201-1,공조 1(2F),CP5(2F),AMCs 분석기 PM,
2023-06-22 12:00,F4 2F,ThinFilm,201-5,공조 6(2F),CP3(2F),AMCs 분석기 PM,
2023-06-22 12:00,F4 2F,ThinFilm,201-5,공조 7(2F),CP2(2F),AMCs 분석기 PM,
2023-06-22 12:00,F4 2F,ThinFilm,201-5,공조 8(2F),CP1(2F),AMCs 분석기 PM,
2023-06-23 14:01,F4 2F,ETCH,201-1,공조 2(2F),EP1(2F),Ulpa Filter 교체,6장
2023-06-30 9:38,F4 2F,ETCH,201-1,공조 1(2F),EP0(2F),Ulpa Filter 교체,6장 교체
2023-07-05 8:35,F4 2F,ThinFilm,201-5,공조 7(2F),CP2(2F),Ulpa Filter 교체,5장
2023-07-05 9:35,F4 2F,ThinFilm,201-1,공조 1(2F),CP5(2F),Ulpa Filter 교체,5장 교체
2023-07-05 12:06,F4 2F,ETCH,201-1,공조 2(2F),EP1(2F),Ulpa Filter 교체,5장
2023-07-06 6:40,F4 2F,ETCH,201-2,공조 2(2F),EP2(2F),Ulpa Filter 교체,5장
2023-07-11 15:09,F4 2F,ETCH,201-2,공조 2(2F),EP3(2F),Chemical Filter 교체,80T로 교체 (22/01/28 최초 설치)
2023-07-12 15:15,F4 2F,ETCH,201-1,공조 2(2F),EP1(2F),Chemical Filter 교체,80T 교체
2023-07-12 20:46,F4 2F,ETCH,201-2,공조 2(2F),EP2(2F),Chemical Filter 교체,80T로 교체 (22/01/28 최초 설치)
2023-07-13 12:00,F4 2F,DIFF(Fur),201-6,공조 9(2F),DP2(2F),AMCs 분석기 PM,
2023-07-13 12:00,F4 2F,DIFF(Fur),201-7,공조 10(2F),DP5(2F),AMCs 분석기 PM,
2023-07-13 12:00,F4 2F,DIFF(Imp),201-7,공조 11(2F),DP6(2F),AMCs 분석기 PM,
2023-07-13 12:00,F4 2F,ETCH,201-1,공조 1(2F),EP0(2F),AMCs 분석기 PM,
2023-07-13 12:00,F4 2F,ETCH,201-1,공조 2(2F),EP1(2F),AMCs 분석기 PM,
2023-07-13 12:00,F4 2F,ETCH,201-2,공조 2(2F),EP2(2F),AMCs 분석기 PM,
2023-07-13 12:00,F4 2F,ETCH,201-2,공조 2(2F),EP3(2F),AMCs 분석기 PM,
2023-07-13 12:00,F4 2F,ETCH,201-2,공조 3(2F),EP4(2F),AMCs 분석기 PM,
2023-07-13 12:00,F4 2F,ThinFilm,201-1,공조 1(2F),CP5(2F),AMCs 분석기 PM,
2023-07-13 12:00,F4 2F,ThinFilm,201-5,공조 6(2F),CP3(2F),AMCs 분석기 PM,
2023-07-13 12:00,F4 2F,ThinFilm,201-5,공조 7(2F),CP2(2F),AMCs 분석기 PM,
2023-07-13 12:00,F4 2F,ThinFilm,201-5,공조 8(2F),CP1(2F),AMCs 분석기 PM,
2023-07-20 12:00,F4 2F,ETCH,201-2,공조 3(2F),EP6(2F),AMCs 분석기 PM,
2023-07-20 12:00,F4 2F,ETCH,201-8,공조 12(2F),EP9(2F),AMCs 분석기 PM,
2023-07-20 12:00,F4 2F,OAC,201-4,"공조 4,5(2F)",OAC4B(2F),AMCs 분석기 PM,
2023-07-20 12:00,F4 2F,OAC,201-4,"공조 4,5(2F)",OAC4F(2F),AMCs 분석기 PM,
2023-07-20 12:00,F4 2F,OAC,201-8,"공조 11,12(2F)",OAC8B(2F),AMCs 분석기 PM,
2023-07-20 12:00,F4 2F,OAC,201-8,"공조 11,12(2F)",OAC8F(2F),AMCs 분석기 PM,
2023-07-20 12:00,F4 2F,PHOTO,201-3,공조 4(2F),PP1(2F),AMCs 분석기 PM,
2023-07-20 12:00,F4 2F,PHOTO,201-3,공조 4(2F),PP2(2F),AMCs 분석기 PM,
2023-07-20 12:00,F4 2F,PHOTO,201-4,공조 5(2F),PP3(2F),AMCs 분석기 PM,
2023-08-10 12:00,F4 2F,DIFF(Fur),201-6,공조 9(2F),DP2(2F),AMCs 분석기 PM,
2023-08-10 12:00,F4 2F,DIFF(Fur),201-7,공조 10(2F),DP5(2F),AMCs 분석기 PM,
2023-08-10 12:00,F4 2F,DIFF(Imp),201-7,공조 11(2F),DP6(2F),AMCs 분석기 PM,
2023-08-10 12:00,F4 2F,ETCH,201-1,공조 1(2F),EP0(2F),AMCs 분석기 PM,
2023-08-10 12:00,F4 2F,ETCH,201-1,공조 2(2F),EP1(2F),AMCs 분석기 PM,
2023-08-10 12:00,F4 2F,ETCH,201-2,공조 2(2F),EP2(2F),AMCs 분석기 PM,
2023-08-10 12:00,F4 2F,ETCH,201-2,공조 2(2F),EP3(2F),AMCs 분석기 PM,
2023-08-10 12:00,F4 2F,ETCH,201-2,공조 3(2F),EP4(2F),AMCs 분석기 PM,
2023-08-10 12:00,F4 2F,ThinFilm,201-1,공조 1(2F),CP5(2F),AMCs 분석기 PM,
2023-08-10 12:00,F4 2F,ThinFilm,201-5,공조 6(2F),CP3(2F),AMCs 분석기 PM,
2023-08-10 12:00,F4 2F,ThinFilm,201-5,공조 7(2F),CP2(2F),AMCs 분석기 PM,
2023-08-10 12:00,F4 2F,ThinFilm,201-5,공조 8(2F),CP1(2F),AMCs 분석기 PM,
2023-08-17 12:00,F4 2F,ETCH,201-2,공조 3(2F),EP6(2F),AMCs 분석기 PM,
2023-08-17 12:00,F4 2F,ETCH,201-8,공조 12(2F),EP9(2F),AMCs 분석기 PM,
2023-08-17 12:00,F4 2F,OAC,201-4,"공조 4,5(2F)",OAC4B(2F),AMCs 분석기 PM,
2023-08-17 12:00,F4 2F,OAC,201-4,"공조 4,5(2F)",OAC4F(2F),AMCs 분석기 PM,
2023-08-17 12:00,F4 2F,OAC,201-8,"공조 11,12(2F)",OAC8B(2F),AMCs 분석기 PM,
2023-08-17 12:00,F4 2F,OAC,201-8,"공조 11,12(2F)",OAC8F(2F),AMCs 분석기 PM,
2023-08-17 12:00,F4 2F,PHOTO,201-3,공조 4(2F),PP1(2F),AMCs 분석기 PM,
2023-08-17 12:00,F4 2F,PHOTO,201-3,공조 4(2F),PP2(2F),AMCs 분석기 PM,
2023-08-17 12:00,F4 2F,PHOTO,201-4,공조 5(2F),PP3(2F),AMCs 분석기 PM,
2023-08-18 8:05,F4 2F,ETCH,201-1,공조 2(2F),EP1(2F),Chemical Filter 교체,"DFU102-2 (80T 30장, 09:50)"
2023-08-25 8:43,F4 2F,ETCH,201-1,공조 2(2F),EP1(2F),Ulpa Filter 교체,5장 교체
2023-08-30 11:41,F4 2F,ETCH,201-2,공조 3(2F),EP4(2F),Chemical Filter 교체,2F DFU 103-1~4 50T 120장 신규 설치
2023-08-30 13:17,F4 2F,ETCH,201-2,공조 3(2F),EP6(2F),Chemical Filter 교체,2F DFU 103-1~4 50T 120장 신규 설치
2023-08-30 13:47,F4 2F,ETCH,201-8,공조 12(2F),EP9(2F),Chemical Filter 교체,2F DFU 112-1~2 50T 60장 교체 설치
2023-08-31 6:45,F4 2F,ThinFilm,201-5,공조 7(2F),CP2(2F),Chemical Filter 교체,"2F DFU 107-1,2 50T 30장 신규 설치"
2023-09-03 21:04,F4 2F,ETCH,201-1,공조 2(2F),EP1(2F),Chemical Filter 교체,50T 30장 교체(마디)
2023-09-08 8:58,F4 2F,ETCH,201-2,공조 2(2F),EP2(2F),Chemical Filter 교체,50T 120장 교체(DFU 102-1~4 동시 교체)
2023-09-08 9:28,F4 2F,ETCH,201-2,공조 2(2F),EP3(2F),Chemical Filter 교체,50T 120장 교체(DFU 102-1~4 동시 교체)
2023-09-08 14:29,F4 2F,ETCH,201-1,공조 2(2F),EP1(2F),Chemical Filter 교체,50T 120장 교체(DFU 102-1~4 동시 교체)
2023-09-13 15:57,F4 2F,ETCH,201-1,공조 2(2F),EP1(2F),개선 Item,5E03-22D Chiller교체
2023-09-22 18:26,F4 2F,ETCH,201-1,공조 2(2F),EP1(2F),개선 Item,Chiller 교체
2023-09-23 5:59,F4 2F,ETCH,201-1,공조 1(2F),EP0(2F),Ulpa Filter 교체,5장 교체
2023-09-23 10:30,F4 2F,ThinFilm,201-1,공조 1(2F),CP5(2F),Ulpa Filter 교체,5장 교체
2023-10-06 17:10,F4 2F,ETCH,201-1,공조 2(2F),EP1(2F),개선 Item,5E05-10A Chiller교체
2023-10-11 13:08,F4 2F,ETCH,201-1,공조 2(2F),EP1(2F),개선 Item,5E03-25A Chiller교체
2023-10-12 4:41,F4 2F,ETCH,201-1,공조 1(2F),EP0(2F),Chemical Filter 교체,"90장 교체 CP4/5, EP0"
2023-10-12 4:41,F4 2F,ThinFilm,201-1,공조 1(2F),CP5(2F),Chemical Filter 교체,"90장 교체 CP4/5, EP0"
2023-10-12 6:42,F4 2F,ETCH,201-1,공조 1(2F),EP0(2F),Chemical Filter 교체,"90장 교체 CP4/5, EP0"
2023-10-12 12:00,F4 2F,DIFF(Fur),201-6,공조 9(2F),DP2(2F),AMCs 분석기 PM,"Analysis Column, Suppressor"
2023-10-12 12:00,F4 2F,DIFF(Fur),201-7,공조 10(2F),DP5(2F),AMCs 분석기 PM,"Analysis Column, Suppressor"
2023-10-12 12:00,F4 2F,DIFF(Imp),201-7,공조 11(2F),DP6(2F),AMCs 분석기 PM,"Analysis Column, Suppressor"
2023-10-12 12:00,F4 2F,ETCH,201-1,공조 1(2F),EP0(2F),AMCs 분석기 PM,"Analysis Column, Suppressor"
2023-10-12 12:00,F4 2F,ETCH,201-1,공조 2(2F),EP1(2F),AMCs 분석기 PM,"Analysis Column, Suppressor"
2023-10-12 12:00,F4 2F,ETCH,201-2,공조 2(2F),EP2(2F),AMCs 분석기 PM,"Analysis Column, Suppressor"
2023-10-12 12:00,F4 2F,ETCH,201-2,공조 2(2F),EP3(2F),AMCs 분석기 PM,"Analysis Column, Suppressor"
2023-10-12 12:00,F4 2F,ETCH,201-2,공조 3(2F),EP4(2F),AMCs 분석기 PM,"Analysis Column, Suppressor"
2023-10-12 12:00,F4 2F,ThinFilm,201-1,공조 1(2F),CP5(2F),AMCs 분석기 PM,"Analysis Column, Suppressor"
2023-10-12 12:00,F4 2F,ThinFilm,201-5,공조 6(2F),CP3(2F),AMCs 분석기 PM,"Analysis Column, Suppressor"
2023-10-12 12:00,F4 2F,ThinFilm,201-5,공조 7(2F),CP2(2F),AMCs 분석기 PM,"Analysis Column, Suppressor"
2023-10-12 12:00,F4 2F,ThinFilm,201-5,공조 8(2F),CP1(2F),AMCs 분석기 PM,"Analysis Column, Suppressor"
2023-10-13 18:01,F4 2F,ETCH,201-1,공조 2(2F),EP1(2F),개선 Item,5E03-25D Chiller교체
2023-10-19 12:00,F4 2F,ETCH,201-2,공조 3(2F),EP6(2F),AMCs 분석기 PM,
2023-10-19 12:00,F4 2F,ETCH,201-8,공조 12(2F),EP9(2F),AMCs 분석기 PM,
2023-10-19 12:00,F4 2F,OAC,201-4,"공조 4,5(2F)",OAC4B(2F),AMCs 분석기 PM,
2023-10-19 12:00,F4 2F,OAC,201-4,"공조 4,5(2F)",OAC4F(2F),AMCs 분석기 PM,
2023-10-19 12:00,F4 2F,OAC,201-8,"공조 11,12(2F)",OAC8B(2F),AMCs 분석기 PM,
2023-10-19 12:00,F4 2F,OAC,201-8,"공조 11,12(2F)",OAC8F(2F),AMCs 분석기 PM,
2023-10-19 12:00,F4 2F,PHOTO,201-3,공조 4(2F),PP1(2F),AMCs 분석기 PM,
2023-10-19 12:00,F4 2F,PHOTO,201-3,공조 4(2F),PP2(2F),AMCs 분석기 PM,
2023-10-19 12:00,F4 2F,PHOTO,201-4,공조 5(2F),PP3(2F),AMCs 분석기 PM,
2023-10-22 14:48,F4 2F,ETCH,201-1,공조 2(2F),EP1(2F),개선 Item,5E05-13A Chiller 점검
2023-10-23 15:24,F4 2F,ETCH,201-1,공조 2(2F),EP1(2F),개선 Item,5E05-12 C/D Chiller교체
2023-10-25 16:05,F4 2F,ETCH,201-1,공조 2(2F),EP1(2F),개선 Item,5E05-13 C/D Chiller 교체
2023-10-27 10:44,F4 2F,ETCH,201-1,공조 2(2F),EP1(2F),개선 Item,"5E05-12A,B Chiller By Pass점검"
2023-11-01 18:12,F4 2F,ETCH,201-1,공조 2(2F),EP1(2F),개선 Item,5E03-12 C/D Chiller교체
2023-11-02 12:47,F4 2F,ETCH,201-1,공조 2(2F),EP1(2F),Chemical Filter 교체,DFU 102-1~4 Chemical Filter 120장 교체
2023-11-02 13:17,F4 2F,ETCH,201-2,공조 2(2F),EP2(2F),Chemical Filter 교체,DFU 102-1~4 Chemical Filter 120장 교체
2023-11-02 13:47,F4 2F,ETCH,201-2,공조 2(2F),EP3(2F),Chemical Filter 교체,DFU 102-1~4 Chemical Filter 120장 교체
2023-11-06 20:09,F4 2F,ETCH,201-1,공조 2(2F),EP1(2F),개선 Item,5E05-03A Chiller 장착
2023-11-07 14:43,F4 2F,ETCH,201-2,공조 2(2F),EP2(2F),개선 Item,5E05-3A Chiller 교체 후 FL300 Charge 작업 실시
2023-11-14 10:50,F4 2F,ETCH,201-1,공조 2(2F),EP1(2F),개선 Item,5E05-2A Chiller교체
2023-11-14 10:50,F4 2F,ETCH,201-1,공조 2(2F),EP1(2F),개선 Item,강제 배기 실시
2023-11-16 12:00,F4 2F,DIFF(Fur),201-6,공조 9(2F),DP2(2F),AMCs 분석기 PM,
2023-11-16 12:00,F4 2F,DIFF(Fur),201-7,공조 10(2F),DP5(2F),AMCs 분석기 PM,
2023-11-16 12:00,F4 2F,DIFF(Imp),201-7,공조 11(2F),DP6(2F),AMCs 분석기 PM,
2023-11-16 12:00,F4 2F,ETCH,201-1,공조 1(2F),EP0(2F),AMCs 분석기 PM,
2023-11-16 12:00,F4 2F,ETCH,201-1,공조 2(2F),EP1(2F),AMCs 분석기 PM,
2023-11-16 12:00,F4 2F,ETCH,201-2,공조 2(2F),EP2(2F),AMCs 분석기 PM,
2023-11-16 12:00,F4 2F,ETCH,201-2,공조 2(2F),EP3(2F),AMCs 분석기 PM,
2023-11-16 12:00,F4 2F,ETCH,201-2,공조 3(2F),EP4(2F),AMCs 분석기 PM,
2023-11-16 12:00,F4 2F,ThinFilm,201-1,공조 1(2F),CP5(2F),AMCs 분석기 PM,
2023-11-16 12:00,F4 2F,ThinFilm,201-5,공조 6(2F),CP3(2F),AMCs 분석기 PM,
2023-11-16 12:00,F4 2F,ThinFilm,201-5,공조 7(2F),CP2(2F),AMCs 분석기 PM,
2023-11-16 12:00,F4 2F,ThinFilm,201-5,공조 8(2F),CP1(2F),AMCs 분석기 PM,
2023-11-17 14:30,F4 2F,ETCH,201-1,공조 2(2F),EP1(2F),개선 Item,Stand-by 공조기로 교체 운전 (102-1 → 102-2)
2023-11-17 17:30,F4 2F,ThinFilm,201-5,공조 6(2F),CP3(2F),Chemical Filter 교체,50T 60장 교체
2023-11-21 9:50,F4 2F,ETCH,201-1,공조 2(2F),EP1(2F),개선 Item,강제배기 중단 21일 11시~
2023-11-22 15:26,F4 2F,ETCH,201-1,공조 1(2F),EP0(2F),개선 Item,5E05-14 C/D CHILLER 교체
2023-11-23 12:00,F4 2F,ETCH,201-2,공조 3(2F),EP6(2F),AMCs 분석기 PM,
2023-11-23 12:00,F4 2F,ETCH,201-8,공조 12(2F),EP9(2F),AMCs 분석기 PM,
2023-11-23 12:00,F4 2F,OAC,201-4,"공조 4,5(2F)",OAC4B(2F),AMCs 분석기 PM,
2023-11-23 12:00,F4 2F,OAC,201-4,"공조 4,5(2F)",OAC4F(2F),AMCs 분석기 PM,
2023-11-23 12:00,F4 2F,OAC,201-8,"공조 11,12(2F)",OAC8B(2F),AMCs 분석기 PM,
2023-11-23 12:00,F4 2F,OAC,201-8,"공조 11,12(2F)",OAC8F(2F),AMCs 분석기 PM,
2023-11-23 12:00,F4 2F,PHOTO,201-3,공조 4(2F),PP1(2F),AMCs 분석기 PM,
2023-11-23 12:00,F4 2F,PHOTO,201-3,공조 4(2F),PP2(2F),AMCs 분석기 PM,
2023-11-23 12:00,F4 2F,PHOTO,201-4,공조 5(2F),PP3(2F),AMCs 분석기 PM,
2023-11-24 10:36,F4 2F,ETCH,201-1,공조 2(2F),EP1(2F),개선 Item,5E03-25B Chiller By Path 점검
2023-11-24 10:36,F4 2F,ETCH,201-1,공조 2(2F),EP1(2F),Ulpa Filter 교체,Ulpa Filter 교체
2023-11-27 9:17,F4 2F,PHOTO,201-3,공조 4(2F),PP1(2F),Chemical Filter 신규 설치,NH3 Chemical Filter 신규 설치
2023-11-27 9:22,F4 2F,PHOTO,201-3,공조 4(2F),PP2(2F),Chemical Filter 신규 설치,NH3 Chemical Filter 신규 설치
2023-11-27 11:30,F4 2F,PHOTO,201-4,공조 5(2F),PP3(2F),Chemical Filter 신규 설치,NH3 Chemical Filter 신규 설치
2023-12-05 9:04,F4 2F,ETCH,201-2,공조 2(2F),EP2(2F),Ulpa Filter 교체,ULPA Filter 교체
2023-12-08 10:20,F4 2F,ETCH,201-2,공조 2(2F),EP3(2F),Ulpa Filter 교체,28장 (EP3 전체 교체 진행중)
2023-12-08 21:23,F4 2F,ETCH,201-1,공조 2(2F),EP1(2F),개선 Item,5E05-9A Chiller 교체
2023-12-13 4:47,F4 2F,ETCH,201-1,공조 2(2F),EP1(2F),Chemical Filter 철거,119장 (F 특화 1장 제외) 철거
2023-12-13 4:47,F4 2F,ETCH,201-2,공조 2(2F),EP2(2F),Chemical Filter 철거,119장 (F 특화 1장 제외) 철거
2023-12-13 4:47,F4 2F,ETCH,201-2,공조 2(2F),EP3(2F),Chemical Filter 철거,119장 (F 특화 1장 제외) 철거
2023-12-13 10:48,F4 2F,ETCH,201-1,공조 1(2F),EP0(2F),Ulpa Filter 교체,Ulpa Filter 교체(Probe 포함 14장 교체)
2023-12-13 15:07,F4 2F,ETCH,201-2,공조 3(2F),EP6(2F),개선 Item,5E03-24B Cathode 탈착 영향으로 추정(EP-7)
2023-12-14 5:22,F4 2F,ETCH,201-1,공조 2(2F),EP1(2F),Chemical Filter 신규 설치,Chemical Filter 재 설치
2023-12-14 8:53,F4 2F,ThinFilm,201-1,공조 1(2F),CP5(2F),Ulpa Filter 교체,Ulpa Filter 교체(Probe 포함 36장 교체)
2023-12-14 11:23,F4 2F,ETCH,201-1,공조 2(2F),EP1(2F),Chemical Filter 교체,철거 필터 30장 재설치 (11:20 EP 1)
2023-12-14 11:53,F4 2F,ETCH,201-2,공조 2(2F),EP2(2F),Chemical Filter 교체,"철거 필터 재설치 (14:20, EP2/3)"
2023-12-14 11:53,F4 2F,ETCH,201-2,공조 2(2F),EP2(2F),Chemical Filter 신규 설치,Chemical Filter 재 설치
2023-12-14 11:53,F4 2F,ETCH,201-2,공조 2(2F),EP3(2F),Chemical Filter 신규 설치,Chemical Filter 재 설치
2023-12-14 12:23,F4 2F,ETCH,201-2,공조 2(2F),EP3(2F),Chemical Filter 교체,철거 필터 재설치 (14:20 EP2/3)
2023-12-17 13:40,F4 2F,ETCH,201-2,공조 2(2F),EP3(2F),개선 Item,5E2C-1A Chiller Leak
2023-12-19 14:20,F4 2F,ETCH,201-2,공조 2(2F),EP3(2F),개선 Item,5E2C-1A Chiller교체
2023-12-21 12:00,F4 2F,DIFF(Fur),201-6,공조 9(2F),DP2(2F),AMCs 분석기 PM,
2023-12-21 12:00,F4 2F,DIFF(Fur),201-7,공조 10(2F),DP5(2F),AMCs 분석기 PM,
2023-12-21 12:00,F4 2F,DIFF(Imp),201-7,공조 11(2F),DP6(2F),AMCs 분석기 PM,
2023-12-21 12:00,F4 2F,ETCH,201-1,공조 1(2F),EP0(2F),AMCs 분석기 PM,
2023-12-21 12:00,F4 2F,ETCH,201-1,공조 2(2F),EP1(2F),AMCs 분석기 PM,
2023-12-21 12:00,F4 2F,ETCH,201-2,공조 2(2F),EP2(2F),AMCs 분석기 PM,
2023-12-21 12:00,F4 2F,ETCH,201-2,공조 2(2F),EP3(2F),AMCs 분석기 PM,
2023-12-21 12:00,F4 2F,ETCH,201-2,공조 3(2F),EP4(2F),AMCs 분석기 PM,
2023-12-21 12:00,F4 2F,ETCH,201-2,공조 3(2F),EP6(2F),AMCs 분석기 PM,
2023-12-21 12:00,F4 2F,ETCH,201-8,공조 12(2F),EP9(2F),AMCs 분석기 PM,
2023-12-21 12:00,F4 2F,OAC,201-4,"공조 4,5(2F)",OAC4B(2F),AMCs 분석기 PM,
2023-12-21 12:00,F4 2F,OAC,201-4,"공조 4,5(2F)",OAC4F(2F),AMCs 분석기 PM,
2023-12-21 12:00,F4 2F,OAC,201-8,"공조 11,12(2F)",OAC8B(2F),AMCs 분석기 PM,
2023-12-21 12:00,F4 2F,OAC,201-8,"공조 11,12(2F)",OAC8F(2F),AMCs 분석기 PM,
2023-12-21 12:00,F4 2F,PHOTO,201-3,공조 4(2F),PP1(2F),AMCs 분석기 PM,
2023-12-21 12:00,F4 2F,PHOTO,201-3,공조 4(2F),PP2(2F),AMCs 분석기 PM,
2023-12-21 12:00,F4 2F,PHOTO,201-4,공조 5(2F),PP3(2F),AMCs 분석기 PM,
2023-12-21 12:00,F4 2F,ThinFilm,201-1,공조 1(2F),CP5(2F),AMCs 분석기 PM,
2023-12-21 12:00,F4 2F,ThinFilm,201-5,공조 6(2F),CP3(2F),AMCs 분석기 PM,
2023-12-21 12:00,F4 2F,ThinFilm,201-5,공조 7(2F),CP2(2F),AMCs 분석기 PM,
2023-12-21 12:00,F4 2F,ThinFilm,201-5,공조 8(2F),CP1(2F),AMCs 분석기 PM,
2023-12-22 13:52,F4 2F,ETCH,201-1,공조 2(2F),EP1(2F),Chemical Filter 철거,Chemical Filter 철거
2023-12-22 14:23,F4 2F,ETCH,201-2,공조 2(2F),EP2(2F),Chemical Filter 철거,Chemical Filter 철거
2023-12-22 14:53,F4 2F,ETCH,201-2,공조 2(2F),EP3(2F),Chemical Filter 철거,Chemical Filter 철거
2023-02-01 16:59,F4 4F,DIFF(Fur),401-5,공조 8(4F),DP1(4F),Chemical Filter 교체,최초설치 200T(22/01/27 설치후 계속사용)
2023-02-01 18:00,F4 4F,DIFF(Fur),401-6,공조 9(4F),DP3(4F),Chemical Filter 교체,최초설치 200T(22/01/27 설치후 계속사용)
2023-02-01 19:31,F4 4F,ETCH,401-1,공조 1(4F),EP1(4F),Chemical Filter 교체,최초설치 50T(22/01/26 설치후 계속사용)
2023-02-01 21:03,F4 4F,ThinFilm,401-5,공조 7(4F),CP1(4F),Chemical Filter 교체,최초설치(22/07/21 설치이후 계속 사용)
2023-02-01 22:34,F4 4F,ThinFilm,401-1,공조 2(4F),CP4(4F),Chemical Filter 교체,최초설치 50T(22/01/26 설치후 계속사용)
2023-02-01 23:35,F4 4F,DIFF(Fur),401-6,공조 8(4F),DP2(4F),Chemical Filter 교체,최초설치 200T(22/01/27 설치후 계속사용)
2023-02-02 0:36,F4 4F,DIFF(Fur),401-6,공조 9(4F),DP4(4F),Chemical Filter 교체,최초설치 200T(22/01/27 설치후 계속사용)
2023-02-02 1:07,F4 4F,DIFF(Fur),401-7,공조 9(4F),DP5(4F),Chemical Filter 교체,최초설치 200T(22/01/27 설치후 계속사용)
2023-02-02 4:09,F4 4F,ThinFilm,401-1,공조 1(4F),CP3(4F),Chemical Filter 교체,최초설치 50T(22/01/26 설치후 계속사용)
2023-02-02 8:13,F4 4F,ETCH,401-1,공조 1(4F),EP2(4F),Chemical Filter 교체,최초설치 50T(22/01/26 설치후 계속사용)
2023-02-16 12:00,F4 4F,DIFF(Fur),401-5,공조 8(4F),DP1(4F),AMCs 분석기 PM,
2023-02-16 12:00,F4 4F,DIFF(Fur),401-6,공조 8(4F),DP2(4F),AMCs 분석기 PM,
2023-02-16 12:00,F4 4F,DIFF(Fur),401-6,공조 9(4F),DP3(4F),AMCs 분석기 PM,
2023-02-16 12:00,F4 4F,DIFF(Fur),401-6,공조 9(4F),DP4(4F),AMCs 분석기 PM,
2023-02-16 12:00,F4 4F,DIFF(Fur),401-7,공조 9(4F),DP5(4F),AMCs 분석기 PM,
2023-02-16 12:00,F4 4F,DIFF(Imp),401-8,공조 10(4F),IP2(4F),AMCs 분석기 PM,830 Mini V/P
2023-02-16 12:00,F4 4F,ETCH,401-1,공조 1(4F),EP1(4F),AMCs 분석기 PM,
2023-02-16 12:00,F4 4F,ETCH,401-1,공조 1(4F),EP2(4F),AMCs 분석기 PM,
2023-02-16 12:00,F4 4F,ETCH,401-2,공조 3(4F),EP6(4F),AMCs 분석기 PM,
2023-02-16 12:00,F4 4F,ETCH,401-3,공조 3(4F),EP7(4F),AMCs 분석기 PM,830 Mini V/P
2023-02-16 12:00,F4 4F,ETCH,401-8,공조 11(4F),EP8(4F),AMCs 분석기 PM,830 Mini V/P
2023-02-16 12:00,F4 4F,ETCH,401-8,공조 11(4F),EP9(4F),AMCs 분석기 PM,830 Mini V/P
2023-02-16 12:00,F4 4F,OAC,401-3,"공조 3,4,5(4F)",OAC3B(4F),AMCs 분석기 PM,830 Mini V/P
2023-02-16 12:00,F4 4F,OAC,401-3,"공조 3,4,5(4F)",OAC3F(4F),AMCs 분석기 PM,830 Mini V/P
2023-02-16 12:00,F4 4F,OAC,401-8,"공조 10,11(4F)",OAC8B(4F),AMCs 분석기 PM,830 Mini V/P
2023-02-16 12:00,F4 4F,OAC,401-8,"공조 10,11(4F)",OAC8F(4F),AMCs 분석기 PM,830 Mini V/P
2023-02-16 12:00,F4 4F,PHOTO,401-3,공조 4(4F),PP1(4F),AMCs 분석기 PM,830 Mini V/P
2023-02-16 12:00,F4 4F,PHOTO,401-3,공조 5(4F),PP2(4F),AMCs 분석기 PM,830 Mini V/P
2023-02-16 12:00,F4 4F,PHOTO,401-4,공조 5(4F),PP3(4F),AMCs 분석기 PM,830 Mini V/P
2023-02-16 12:00,F4 4F,PHOTO,401-4,공조 6(4F),PP4(4F),AMCs 분석기 PM,830 Mini V/P
2023-02-16 12:00,F4 4F,ThinFilm,401-1,공조 1(4F),CP3(4F),AMCs 분석기 PM,
2023-02-16 12:00,F4 4F,ThinFilm,401-1,공조 2(4F),CP4(4F),AMCs 분석기 PM,
2023-02-16 12:00,F4 4F,ThinFilm,401-5,공조 7(4F),CP1(4F),AMCs 분석기 PM,
2023-02-16 12:00,F4 4F,ThinFilm,401-5,공조 8(4F),CP2(4F),AMCs 분석기 PM,
2023-02-28 8:26,F4 4F,ThinFilm,401-1,공조 1(4F),CP3(4F),Chemical Filter 교체,50T 교체
2023-02-28 8:57,F4 4F,ThinFilm,401-1,공조 2(4F),CP4(4F),Chemical Filter 교체,CL 이온 Leak 긴급교체 50T
2023-02-28 12:00,F4 4F,ETCH,401-1,공조 1(4F),EP1(4F),Chemical Filter 교체,CL 이온 Leak 긴급교체 50T
2023-02-28 13:00,F4 4F,ETCH,401-1,공조 1(4F),EP2(4F),Chemical Filter 교체,CL 이온 Leak 긴급교체 50T
2023-03-16 12:00,F4 4F,DIFF(Fur),401-5,공조 8(4F),DP1(4F),AMCs 분석기 PM,
2023-03-16 12:00,F4 4F,DIFF(Fur),401-6,공조 8(4F),DP2(4F),AMCs 분석기 PM,
2023-03-16 12:00,F4 4F,DIFF(Fur),401-6,공조 9(4F),DP3(4F),AMCs 분석기 PM,
2023-03-16 12:00,F4 4F,DIFF(Fur),401-6,공조 9(4F),DP4(4F),AMCs 분석기 PM,
2023-03-16 12:00,F4 4F,DIFF(Fur),401-7,공조 9(4F),DP5(4F),AMCs 분석기 PM,
2023-03-16 12:00,F4 4F,DIFF(Imp),401-8,공조 10(4F),IP2(4F),AMCs 분석기 PM,
2023-03-16 12:00,F4 4F,ETCH,401-1,공조 1(4F),EP1(4F),AMCs 분석기 PM,
2023-03-16 12:00,F4 4F,ETCH,401-1,공조 1(4F),EP2(4F),AMCs 분석기 PM,
2023-03-16 12:00,F4 4F,ETCH,401-2,공조 3(4F),EP6(4F),AMCs 분석기 PM,
2023-03-16 12:00,F4 4F,ETCH,401-3,공조 3(4F),EP7(4F),AMCs 분석기 PM,
2023-03-16 12:00,F4 4F,ETCH,401-8,공조 11(4F),EP8(4F),AMCs 분석기 PM,
2023-03-16 12:00,F4 4F,ETCH,401-8,공조 11(4F),EP9(4F),AMCs 분석기 PM,
2023-03-16 12:00,F4 4F,OAC,401-3,"공조 3,4,5(4F)",OAC3B(4F),AMCs 분석기 PM,
2023-03-16 12:00,F4 4F,OAC,401-3,"공조 3,4,5(4F)",OAC3F(4F),AMCs 분석기 PM,
2023-03-16 12:00,F4 4F,OAC,401-8,"공조 10,11(4F)",OAC8B(4F),AMCs 분석기 PM,
2023-03-16 12:00,F4 4F,OAC,401-8,"공조 10,11(4F)",OAC8F(4F),AMCs 분석기 PM,
2023-03-16 12:00,F4 4F,PHOTO,401-3,공조 4(4F),PP1(4F),AMCs 분석기 PM,
2023-03-16 12:00,F4 4F,PHOTO,401-3,공조 5(4F),PP2(4F),AMCs 분석기 PM,
2023-03-16 12:00,F4 4F,PHOTO,401-4,공조 5(4F),PP3(4F),AMCs 분석기 PM,
2023-03-16 12:00,F4 4F,PHOTO,401-4,공조 6(4F),PP4(4F),AMCs 분석기 PM,
2023-03-16 12:00,F4 4F,ThinFilm,401-1,공조 1(4F),CP3(4F),AMCs 분석기 PM,
2023-03-16 12:00,F4 4F,ThinFilm,401-1,공조 2(4F),CP4(4F),AMCs 분석기 PM,
2023-03-16 12:00,F4 4F,ThinFilm,401-5,공조 7(4F),CP1(4F),AMCs 분석기 PM,
2023-03-16 12:00,F4 4F,ThinFilm,401-5,공조 8(4F),CP2(4F),AMCs 분석기 PM,
2023-04-13 4:21,F4 4F,OAC,401-8,"공조 10,11(4F)",OAC8F(4F),Chemical Filter 교체,200T 교체
2023-04-13 12:00,F4 4F,DIFF(Fur),401-5,공조 8(4F),DP1(4F),AMCs 분석기 PM,
2023-04-13 12:00,F4 4F,DIFF(Fur),401-6,공조 8(4F),DP2(4F),AMCs 분석기 PM,
2023-04-13 12:00,F4 4F,DIFF(Fur),401-6,공조 9(4F),DP3(4F),AMCs 분석기 PM,
2023-04-13 12:00,F4 4F,DIFF(Fur),401-6,공조 9(4F),DP4(4F),AMCs 분석기 PM,
2023-04-13 12:00,F4 4F,DIFF(Fur),401-7,공조 9(4F),DP5(4F),AMCs 분석기 PM,
2023-04-13 12:00,F4 4F,DIFF(Imp),401-8,공조 10(4F),IP2(4F),AMCs 분석기 PM,
2023-04-13 12:00,F4 4F,ETCH,401-1,공조 1(4F),EP1(4F),AMCs 분석기 PM,
2023-04-13 12:00,F4 4F,ETCH,401-1,공조 1(4F),EP2(4F),AMCs 분석기 PM,
2023-04-13 12:00,F4 4F,ETCH,401-2,공조 3(4F),EP6(4F),AMCs 분석기 PM,
2023-04-13 12:00,F4 4F,ETCH,401-3,공조 3(4F),EP7(4F),AMCs 분석기 PM,
2023-04-13 12:00,F4 4F,ETCH,401-8,공조 11(4F),EP8(4F),AMCs 분석기 PM,
2023-04-13 12:00,F4 4F,ETCH,401-8,공조 11(4F),EP9(4F),AMCs 분석기 PM,
2023-04-13 12:00,F4 4F,OAC,401-3,"공조 3,4,5(4F)",OAC3B(4F),AMCs 분석기 PM,
2023-04-13 12:00,F4 4F,OAC,401-3,"공조 3,4,5(4F)",OAC3F(4F),AMCs 분석기 PM,
2023-04-13 12:00,F4 4F,OAC,401-8,"공조 10,11(4F)",OAC8B(4F),AMCs 분석기 PM,
2023-04-13 12:00,F4 4F,OAC,401-8,"공조 10,11(4F)",OAC8F(4F),AMCs 분석기 PM,
2023-04-13 12:00,F4 4F,PHOTO,401-3,공조 4(4F),PP1(4F),AMCs 분석기 PM,
2023-04-13 12:00,F4 4F,PHOTO,401-3,공조 5(4F),PP2(4F),AMCs 분석기 PM,
2023-04-13 12:00,F4 4F,PHOTO,401-4,공조 5(4F),PP3(4F),AMCs 분석기 PM,
2023-04-13 12:00,F4 4F,PHOTO,401-4,공조 6(4F),PP4(4F),AMCs 분석기 PM,
2023-04-13 12:00,F4 4F,ThinFilm,401-1,공조 1(4F),CP3(4F),AMCs 분석기 PM,
2023-04-13 12:00,F4 4F,ThinFilm,401-1,공조 2(4F),CP4(4F),AMCs 분석기 PM,
2023-04-13 12:00,F4 4F,ThinFilm,401-5,공조 7(4F),CP1(4F),AMCs 분석기 PM,
2023-04-13 12:00,F4 4F,ThinFilm,401-5,공조 8(4F),CP2(4F),AMCs 분석기 PM,
2023-04-13 22:33,F4 4F,OAC,401-8,"공조 10,11(4F)",OAC8B(4F),Chemical Filter 교체,200T 교체
2023-04-24 14:20,F4 4F,ETCH,401-1,공조 1(4F),EP1(4F),Chemical Filter 교체,50T 긴급교체
2023-04-24 14:51,F4 4F,ETCH,401-1,공조 1(4F),EP2(4F),Chemical Filter 교체,50T 긴급 교체
2023-05-11 12:00,F4 4F,DIFF(Fur),401-5,공조 8(4F),DP1(4F),AMCs 분석기 PM,"Guard Column, 830 Mini V/P"
2023-05-11 12:00,F4 4F,DIFF(Fur),401-6,공조 8(4F),DP2(4F),AMCs 분석기 PM,"Guard Column, 830 Mini V/P"
2023-05-11 12:00,F4 4F,DIFF(Fur),401-6,공조 9(4F),DP3(4F),AMCs 분석기 PM,"Guard Column, 830 Mini V/P"
2023-05-11 12:00,F4 4F,DIFF(Fur),401-6,공조 9(4F),DP4(4F),AMCs 분석기 PM,"Guard Column, 830 Mini V/P"
2023-05-11 12:00,F4 4F,DIFF(Fur),401-7,공조 9(4F),DP5(4F),AMCs 분석기 PM,"Guard Column, 830 Mini V/P"
2023-05-11 12:00,F4 4F,DIFF(Imp),401-8,공조 10(4F),IP2(4F),AMCs 분석기 PM,Guard Column
2023-05-11 12:00,F4 4F,ETCH,401-1,공조 1(4F),EP1(4F),AMCs 분석기 PM,"Guard Column, 830 Mini V/P"
2023-05-11 12:00,F4 4F,ETCH,401-1,공조 1(4F),EP2(4F),AMCs 분석기 PM,"Guard Column, 830 Mini V/P"
2023-05-11 12:00,F4 4F,ETCH,401-2,공조 3(4F),EP6(4F),AMCs 분석기 PM,"Guard Column, 830 Mini V/P"
2023-05-11 12:00,F4 4F,ETCH,401-3,공조 3(4F),EP7(4F),AMCs 분석기 PM,Guard Column
2023-05-11 12:00,F4 4F,ETCH,401-8,공조 11(4F),EP8(4F),AMCs 분석기 PM,Guard Column
2023-05-11 12:00,F4 4F,ETCH,401-8,공조 11(4F),EP9(4F),AMCs 분석기 PM,Guard Column
2023-05-11 12:00,F4 4F,OAC,401-3,"공조 3,4,5(4F)",OAC3B(4F),AMCs 분석기 PM,Guard Column
2023-05-11 12:00,F4 4F,OAC,401-3,"공조 3,4,5(4F)",OAC3F(4F),AMCs 분석기 PM,Guard Column
2023-05-11 12:00,F4 4F,OAC,401-8,"공조 10,11(4F)",OAC8B(4F),AMCs 분석기 PM,Guard Column
2023-05-11 12:00,F4 4F,OAC,401-8,"공조 10,11(4F)",OAC8F(4F),AMCs 분석기 PM,Guard Column
2023-05-11 12:00,F4 4F,PHOTO,401-3,공조 4(4F),PP1(4F),AMCs 분석기 PM,Guard Column
2023-05-11 12:00,F4 4F,PHOTO,401-3,공조 5(4F),PP2(4F),AMCs 분석기 PM,Guard Column
2023-05-11 12:00,F4 4F,PHOTO,401-4,공조 5(4F),PP3(4F),AMCs 분석기 PM,Guard Column
2023-05-11 12:00,F4 4F,PHOTO,401-4,공조 6(4F),PP4(4F),AMCs 분석기 PM,Guard Column
2023-05-11 12:00,F4 4F,ThinFilm,401-1,공조 1(4F),CP3(4F),AMCs 분석기 PM,"Guard Column, 830 Mini V/P"
2023-05-11 12:00,F4 4F,ThinFilm,401-1,공조 2(4F),CP4(4F),AMCs 분석기 PM,"Guard Column, 830 Mini V/P"
2023-05-11 12:00,F4 4F,ThinFilm,401-5,공조 7(4F),CP1(4F),AMCs 분석기 PM,"Guard Column, 830 Mini V/P"
2023-05-11 12:00,F4 4F,ThinFilm,401-5,공조 8(4F),CP2(4F),AMCs 분석기 PM,"Guard Column, 830 Mini V/P"
2023-05-31 15:29,F4 4F,ETCH,401-1,공조 1(4F),EP1(4F),Ulpa Filter 교체,17장 교체
2023-06-03 6:13,F4 4F,ThinFilm,401-1,공조 1(4F),CP3(4F),Chemical Filter 교체,50T 긴급 교체
2023-06-03 6:43,F4 4F,ThinFilm,401-1,공조 2(4F),CP4(4F),Chemical Filter 교체,50T 긴급 교체
2023-06-03 14:09,F4 4F,ThinFilm,401-1,공조 1(4F),CP3(4F),Ulpa Filter 교체,8장 긴급교체
2023-06-03 14:39,F4 4F,ThinFilm,401-1,공조 2(4F),CP4(4F),Ulpa Filter 교체,8장
2023-06-07 12:30,F4 4F,ETCH,401-1,공조 1(4F),EP2(4F),Ulpa Filter 교체,9장
2023-06-13 18:13,F4 4F,ETCH,401-1,공조 1(4F),EP1(4F),Chemical Filter 교체,50T 긴급교체
2023-06-15 12:00,F4 4F,DIFF(Fur),401-5,공조 8(4F),DP1(4F),AMCs 분석기 PM,
2023-06-15 12:00,F4 4F,DIFF(Fur),401-6,공조 8(4F),DP2(4F),AMCs 분석기 PM,
2023-06-15 12:00,F4 4F,DIFF(Fur),401-6,공조 9(4F),DP3(4F),AMCs 분석기 PM,
2023-06-15 12:00,F4 4F,DIFF(Fur),401-6,공조 9(4F),DP4(4F),AMCs 분석기 PM,
2023-06-15 12:00,F4 4F,DIFF(Fur),401-7,공조 9(4F),DP5(4F),AMCs 분석기 PM,
2023-06-15 12:00,F4 4F,DIFF(Imp),401-8,공조 10(4F),IP2(4F),AMCs 분석기 PM,
2023-06-15 12:00,F4 4F,ETCH,401-1,공조 1(4F),EP1(4F),AMCs 분석기 PM,
2023-06-15 12:00,F4 4F,ETCH,401-1,공조 1(4F),EP2(4F),AMCs 분석기 PM,
2023-06-15 12:00,F4 4F,ETCH,401-2,공조 3(4F),EP6(4F),AMCs 분석기 PM,
2023-06-15 12:00,F4 4F,ETCH,401-3,공조 3(4F),EP7(4F),AMCs 분석기 PM,
2023-06-15 12:00,F4 4F,ETCH,401-8,공조 11(4F),EP8(4F),AMCs 분석기 PM,
2023-06-15 12:00,F4 4F,ETCH,401-8,공조 11(4F),EP9(4F),AMCs 분석기 PM,
2023-06-15 12:00,F4 4F,OAC,401-3,"공조 3,4,5(4F)",OAC3B(4F),AMCs 분석기 PM,
2023-06-15 12:00,F4 4F,OAC,401-3,"공조 3,4,5(4F)",OAC3F(4F),AMCs 분석기 PM,
2023-06-15 12:00,F4 4F,OAC,401-8,"공조 10,11(4F)",OAC8B(4F),AMCs 분석기 PM,
2023-06-15 12:00,F4 4F,OAC,401-8,"공조 10,11(4F)",OAC8F(4F),AMCs 분석기 PM,
2023-06-15 12:00,F4 4F,PHOTO,401-3,공조 4(4F),PP1(4F),AMCs 분석기 PM,
2023-06-15 12:00,F4 4F,PHOTO,401-3,공조 5(4F),PP2(4F),AMCs 분석기 PM,
2023-06-15 12:00,F4 4F,PHOTO,401-4,공조 5(4F),PP3(4F),AMCs 분석기 PM,
2023-06-15 12:00,F4 4F,PHOTO,401-4,공조 6(4F),PP4(4F),AMCs 분석기 PM,
2023-06-15 12:00,F4 4F,ThinFilm,401-1,공조 1(4F),CP3(4F),AMCs 분석기 PM,
2023-06-15 12:00,F4 4F,ThinFilm,401-1,공조 2(4F),CP4(4F),AMCs 분석기 PM,
2023-06-15 12:00,F4 4F,ThinFilm,401-5,공조 7(4F),CP1(4F),AMCs 분석기 PM,
2023-06-15 12:00,F4 4F,ThinFilm,401-5,공조 8(4F),CP2(4F),AMCs 분석기 PM,
2023-06-20 16:28,F4 4F,ThinFilm,401-1,공조 1(4F),CP3(4F),Ulpa Filter 교체,32장
2023-06-26 16:30,F4 4F,ETCH,401-1,공조 1(4F),EP2(4F),Ulpa Filter 교체,6장
2023-07-06 4:55,F4 4F,ETCH,401-1,공조 1(4F),EP1(4F),Ulpa Filter 교체,5장 교체
2023-07-06 13:27,F4 4F,ThinFilm,401-1,공조 1(4F),CP3(4F),Ulpa Filter 교체,2장
2023-07-09 18:14,F4 4F,ETCH,401-1,공조 1(4F),EP1(4F),Chemical Filter 교체,50T 긴급교체
2023-07-09 20:45,F4 4F,ETCH,401-1,공조 1(4F),EP2(4F),Chemical Filter 교체,"EP1,2,3 90장 전체 교체"
2023-07-10 15:19,F4 4F,ETCH,401-1,공조 1(4F),EP2(4F),Ulpa Filter 교체,5장
2023-07-13 12:00,F4 4F,DIFF(Fur),401-5,공조 8(4F),DP1(4F),AMCs 분석기 PM,
2023-07-13 12:00,F4 4F,DIFF(Fur),401-6,공조 8(4F),DP2(4F),AMCs 분석기 PM,
2023-07-13 12:00,F4 4F,DIFF(Fur),401-6,공조 9(4F),DP3(4F),AMCs 분석기 PM,
2023-07-13 12:00,F4 4F,DIFF(Fur),401-6,공조 9(4F),DP4(4F),AMCs 분석기 PM,
2023-07-13 12:00,F4 4F,DIFF(Fur),401-7,공조 9(4F),DP5(4F),AMCs 분석기 PM,
2023-07-13 12:00,F4 4F,ETCH,401-1,공조 1(4F),EP1(4F),AMCs 분석기 PM,
2023-07-13 12:00,F4 4F,ETCH,401-1,공조 1(4F),EP2(4F),AMCs 분석기 PM,
2023-07-13 12:00,F4 4F,ETCH,401-2,공조 3(4F),EP6(4F),AMCs 분석기 PM,
2023-07-13 12:00,F4 4F,ThinFilm,401-1,공조 1(4F),CP3(4F),AMCs 분석기 PM,
2023-07-13 12:00,F4 4F,ThinFilm,401-1,공조 2(4F),CP4(4F),AMCs 분석기 PM,
2023-07-13 12:00,F4 4F,ThinFilm,401-5,공조 7(4F),CP1(4F),AMCs 분석기 PM,
2023-07-13 12:00,F4 4F,ThinFilm,401-5,공조 8(4F),CP2(4F),AMCs 분석기 PM,
2023-07-20 12:00,F4 4F,DIFF(Imp),401-8,공조 10(4F),IP2(4F),AMCs 분석기 PM,
2023-07-20 12:00,F4 4F,ETCH,401-3,공조 3(4F),EP7(4F),AMCs 분석기 PM,
2023-07-20 12:00,F4 4F,ETCH,401-8,공조 11(4F),EP8(4F),AMCs 분석기 PM,
2023-07-20 12:00,F4 4F,ETCH,401-8,공조 11(4F),EP9(4F),AMCs 분석기 PM,
2023-07-20 12:00,F4 4F,OAC,401-3,"공조 3,4,5(4F)",OAC3B(4F),AMCs 분석기 PM,
2023-07-20 12:00,F4 4F,OAC,401-3,"공조 3,4,5(4F)",OAC3F(4F),AMCs 분석기 PM,
2023-07-20 12:00,F4 4F,OAC,401-8,"공조 10,11(4F)",OAC8B(4F),AMCs 분석기 PM,
2023-07-20 12:00,F4 4F,OAC,401-8,"공조 10,11(4F)",OAC8F(4F),AMCs 분석기 PM,
2023-07-20 12:00,F4 4F,PHOTO,401-3,공조 4(4F),PP1(4F),AMCs 분석기 PM,
2023-07-20 12:00,F4 4F,PHOTO,401-3,공조 5(4F),PP2(4F),AMCs 분석기 PM,
2023-07-20 12:00,F4 4F,PHOTO,401-4,공조 5(4F),PP3(4F),AMCs 분석기 PM,
2023-07-20 12:00,F4 4F,PHOTO,401-4,공조 6(4F),PP4(4F),AMCs 분석기 PM,
2023-08-10 12:00,F4 4F,DIFF(Fur),401-5,공조 8(4F),DP1(4F),AMCs 분석기 PM,
2023-08-10 12:00,F4 4F,DIFF(Fur),401-6,공조 8(4F),DP2(4F),AMCs 분석기 PM,
2023-08-10 12:00,F4 4F,DIFF(Fur),401-6,공조 9(4F),DP3(4F),AMCs 분석기 PM,
2023-08-10 12:00,F4 4F,DIFF(Fur),401-6,공조 9(4F),DP4(4F),AMCs 분석기 PM,
2023-08-10 12:00,F4 4F,DIFF(Fur),401-7,공조 9(4F),DP5(4F),AMCs 분석기 PM,
2023-08-10 12:00,F4 4F,ETCH,401-1,공조 1(4F),EP1(4F),AMCs 분석기 PM,
2023-08-10 12:00,F4 4F,ETCH,401-1,공조 1(4F),EP2(4F),AMCs 분석기 PM,
2023-08-10 12:00,F4 4F,ETCH,401-2,공조 3(4F),EP6(4F),AMCs 분석기 PM,
2023-08-10 12:00,F4 4F,ThinFilm,401-1,공조 1(4F),CP3(4F),AMCs 분석기 PM,
2023-08-10 12:00,F4 4F,ThinFilm,401-1,공조 2(4F),CP4(4F),AMCs 분석기 PM,
2023-08-10 12:00,F4 4F,ThinFilm,401-5,공조 7(4F),CP1(4F),AMCs 분석기 PM,
2023-08-10 12:00,F4 4F,ThinFilm,401-5,공조 8(4F),CP2(4F),AMCs 분석기 PM,
2023-08-20 12:12,F4 4F,ETCH,401-1,공조 1(4F),EP1(4F),Chemical Filter 교체,"24장 교체(13:45 / 50T : 에코 12장, 마디 12장 / 이형 6장 미교체)"
2023-08-22 16:24,F4 4F,ETCH,401-1,공조 1(4F),EP1(4F),개선 Item,4E04-16 C/D Chiller교체
2023-08-25 11:39,F4 4F,ETCH,401-1,공조 1(4F),EP1(4F),Ulpa Filter 교체,5장 교체
2023-08-30 4:47,F4 4F,ETCH,401-8,공조 11(4F),EP9(4F),Chemical Filter 교체,4F DFU 313-1~3 50T 90장 신규 설치
2023-08-30 8:05,F4 4F,ETCH,401-2,공조 3(4F),EP6(4F),Chemical Filter 교체,4F DFU 303-1~4 50T 120장 신규 설치
2023-08-30 10:18,F4 4F,ETCH,401-3,공조 3(4F),EP7(4F),Chemical Filter 교체,4F DFU 303-1~4 50T 120장 신규 설치
2023-09-01 19:48,F4 4F,ETCH,401-1,공조 1(4F),EP1(4F),개선 Item,4E04-11B Chiller교체
2023-09-05 15:09,F4 4F,ETCH,401-1,공조 1(4F),EP1(4F),Chemical Filter 교체,"50T 30장 교체(EP1,2,3 동시 교체)"
2023-09-05 15:39,F4 4F,ETCH,401-1,공조 1(4F),EP2(4F),Chemical Filter 교체,"50T 30장 교체(EP1,2,3 동시 교체)"
2023-09-08 14:41,F4 4F,ETCH,401-1,공조 1(4F),EP1(4F),개선 Item,4E04-11 C/D Chiller교체
2023-09-12 10:02,F4 4F,ETCH,401-1,공조 1(4F),EP1(4F),개선 Item,4E04-16 C/D Chiller Check Valve조치
2023-09-14 12:00,F4 4F,DIFF(Fur),401-5,공조 8(4F),DP1(4F),AMCs 분석기 PM,
2023-09-14 12:00,F4 4F,DIFF(Fur),401-6,공조 8(4F),DP2(4F),AMCs 분석기 PM,
2023-09-14 12:00,F4 4F,DIFF(Fur),401-6,공조 9(4F),DP3(4F),AMCs 분석기 PM,
2023-09-14 12:00,F4 4F,DIFF(Fur),401-6,공조 9(4F),DP4(4F),AMCs 분석기 PM,
2023-09-14 12:00,F4 4F,DIFF(Fur),401-7,공조 9(4F),DP5(4F),AMCs 분석기 PM,
2023-09-14 12:00,F4 4F,DIFF(Imp),401-8,공조 10(4F),IP2(4F),AMCs 분석기 PM,830 Mini V/P
2023-09-14 12:00,F4 4F,ETCH,401-1,공조 1(4F),EP1(4F),AMCs 분석기 PM,
2023-09-14 12:00,F4 4F,ETCH,401-1,공조 1(4F),EP2(4F),AMCs 분석기 PM,
2023-09-14 12:00,F4 4F,ETCH,401-2,공조 3(4F),EP6(4F),AMCs 분석기 PM,
2023-09-14 12:00,F4 4F,ETCH,401-3,공조 3(4F),EP7(4F),AMCs 분석기 PM,830 Mini V/P
2023-09-14 12:00,F4 4F,ETCH,401-8,공조 11(4F),EP8(4F),AMCs 분석기 PM,830 Mini V/P
2023-09-14 12:00,F4 4F,ETCH,401-8,공조 11(4F),EP9(4F),AMCs 분석기 PM,830 Mini V/P
2023-09-14 12:00,F4 4F,OAC,401-3,"공조 3,4,5(4F)",OAC3B(4F),AMCs 분석기 PM,830 Mini V/P
2023-09-14 12:00,F4 4F,OAC,401-3,"공조 3,4,5(4F)",OAC3F(4F),AMCs 분석기 PM,830 Mini V/P
2023-09-14 12:00,F4 4F,OAC,401-8,"공조 10,11(4F)",OAC8B(4F),AMCs 분석기 PM,830 Mini V/P
2023-09-14 12:00,F4 4F,OAC,401-8,"공조 10,11(4F)",OAC8F(4F),AMCs 분석기 PM,830 Mini V/P
2023-09-14 12:00,F4 4F,PHOTO,401-3,공조 4(4F),PP1(4F),AMCs 분석기 PM,830 Mini V/P
2023-09-14 12:00,F4 4F,PHOTO,401-3,공조 5(4F),PP2(4F),AMCs 분석기 PM,830 Mini V/P
2023-09-14 12:00,F4 4F,PHOTO,401-4,공조 5(4F),PP3(4F),AMCs 분석기 PM,830 Mini V/P
2023-09-14 12:00,F4 4F,PHOTO,401-4,공조 6(4F),PP4(4F),AMCs 분석기 PM,830 Mini V/P
2023-09-14 12:00,F4 4F,ThinFilm,401-1,공조 1(4F),CP3(4F),AMCs 분석기 PM,
2023-09-14 12:00,F4 4F,ThinFilm,401-1,공조 2(4F),CP4(4F),AMCs 분석기 PM,
2023-09-14 12:00,F4 4F,ThinFilm,401-5,공조 7(4F),CP1(4F),AMCs 분석기 PM,
2023-09-14 12:00,F4 4F,ThinFilm,401-5,공조 8(4F),CP2(4F),AMCs 분석기 PM,
2023-09-19 15:04,F4 4F,ETCH,401-1,공조 1(4F),EP1(4F),개선 Item,"4E04-02,03호기 Chiller상단 Exhaust설치"
2023-10-12 12:00,F4 4F,DIFF(Fur),401-5,공조 8(4F),DP1(4F),AMCs 분석기 PM,"Analysis Column, Suppressor"
2023-10-12 12:00,F4 4F,DIFF(Fur),401-6,공조 8(4F),DP2(4F),AMCs 분석기 PM,"Analysis Column, Suppressor"
2023-10-12 12:00,F4 4F,DIFF(Fur),401-6,공조 9(4F),DP3(4F),AMCs 분석기 PM,"Analysis Column, Suppressor"
2023-10-12 12:00,F4 4F,DIFF(Fur),401-6,공조 9(4F),DP4(4F),AMCs 분석기 PM,"Analysis Column, Suppressor"
2023-10-12 12:00,F4 4F,DIFF(Fur),401-7,공조 9(4F),DP5(4F),AMCs 분석기 PM,"Analysis Column, Suppressor"
2023-10-12 12:00,F4 4F,ETCH,401-1,공조 1(4F),EP1(4F),AMCs 분석기 PM,"Analysis Column, Suppressor"
2023-10-12 12:00,F4 4F,ETCH,401-1,공조 1(4F),EP2(4F),AMCs 분석기 PM,"Analysis Column, Suppressor"
2023-10-12 12:00,F4 4F,ETCH,401-2,공조 3(4F),EP6(4F),AMCs 분석기 PM,"Analysis Column, Suppressor"
2023-10-12 12:00,F4 4F,ThinFilm,401-1,공조 1(4F),CP3(4F),AMCs 분석기 PM,"Analysis Column, Suppressor"
2023-10-12 12:00,F4 4F,ThinFilm,401-1,공조 2(4F),CP4(4F),AMCs 분석기 PM,"Analysis Column, Suppressor"
2023-10-12 12:00,F4 4F,ThinFilm,401-5,공조 7(4F),CP1(4F),AMCs 분석기 PM,"Analysis Column, Suppressor"
2023-10-12 12:00,F4 4F,ThinFilm,401-5,공조 8(4F),CP2(4F),AMCs 분석기 PM,"Analysis Column, Suppressor"
2023-10-16 18:30,F4 4F,PHOTO,401-4,공조 6(4F),PP4(4F),개선 Item,4P02-03호기 chemical box 내부 HMDS bubbler tank 교체
2023-10-19 3:11,F4 4F,ETCH,401-1,공조 1(4F),EP1(4F),개선 Item,4E04-7 C./D Chiller교체
2023-10-19 12:00,F4 4F,DIFF(Imp),401-8,공조 10(4F),IP2(4F),AMCs 분석기 PM,"Analysis Column, Suppressor, 838 V/P Diaphragm"
2023-10-19 12:00,F4 4F,ETCH,401-3,공조 3(4F),EP7(4F),AMCs 분석기 PM,"Analysis Column, Suppressor, 838 V/P Diaphragm"
2023-10-19 12:00,F4 4F,ETCH,401-8,공조 11(4F),EP8(4F),AMCs 분석기 PM,"Analysis Column, Suppressor, 838 V/P Diaphragm"
2023-10-19 12:00,F4 4F,ETCH,401-8,공조 11(4F),EP9(4F),AMCs 분석기 PM,"Analysis Column, Suppressor, 838 V/P Diaphragm"
2023-10-19 12:00,F4 4F,OAC,401-3,"공조 3,4,5(4F)",OAC3B(4F),AMCs 분석기 PM,"Analysis Column, Suppressor, 838 V/P Diaphragm"
2023-10-19 12:00,F4 4F,OAC,401-3,"공조 3,4,5(4F)",OAC3F(4F),AMCs 분석기 PM,"Analysis Column, Suppressor, 838 V/P Diaphragm"
2023-10-19 12:00,F4 4F,OAC,401-8,"공조 10,11(4F)",OAC8B(4F),AMCs 분석기 PM,"Analysis Column, Suppressor, 838 V/P Diaphragm"
2023-10-19 12:00,F4 4F,OAC,401-8,"공조 10,11(4F)",OAC8F(4F),AMCs 분석기 PM,"Analysis Column, Suppressor, 838 V/P Diaphragm"
2023-10-19 12:00,F4 4F,PHOTO,401-3,공조 4(4F),PP1(4F),AMCs 분석기 PM,"Analysis Column, Suppressor, 838 V/P Diaphragm"
2023-10-19 12:00,F4 4F,PHOTO,401-3,공조 5(4F),PP2(4F),AMCs 분석기 PM,"Analysis Column, Suppressor, 838 V/P Diaphragm"
2023-10-19 12:00,F4 4F,PHOTO,401-4,공조 5(4F),PP3(4F),AMCs 분석기 PM,"Analysis Column, Suppressor, 838 V/P Diaphragm"
2023-10-19 12:00,F4 4F,PHOTO,401-4,공조 6(4F),PP4(4F),AMCs 분석기 PM,"Analysis Column, Suppressor, 838 V/P Diaphragm"
2023-11-09 22:38,F4 4F,ETCH,401-1,공조 1(4F),EP1(4F),개선 Item,4E04-11 C/D Chiller교체
2023-11-16 12:00,F4 4F,DIFF(Fur),401-5,공조 8(4F),DP1(4F),AMCs 분석기 PM,
2023-11-16 12:00,F4 4F,DIFF(Fur),401-6,공조 8(4F),DP2(4F),AMCs 분석기 PM,
2023-11-16 12:00,F4 4F,DIFF(Fur),401-6,공조 9(4F),DP3(4F),AMCs 분석기 PM,
2023-11-16 12:00,F4 4F,DIFF(Fur),401-6,공조 9(4F),DP4(4F),AMCs 분석기 PM,
2023-11-16 12:00,F4 4F,DIFF(Fur),401-7,공조 9(4F),DP5(4F),AMCs 분석기 PM,
2023-11-16 12:00,F4 4F,ETCH,401-1,공조 1(4F),EP1(4F),AMCs 분석기 PM,
2023-11-16 12:00,F4 4F,ETCH,401-1,공조 1(4F),EP2(4F),AMCs 분석기 PM,
2023-11-16 12:00,F4 4F,ETCH,401-2,공조 3(4F),EP6(4F),AMCs 분석기 PM,
2023-11-16 12:00,F4 4F,ThinFilm,401-1,공조 1(4F),CP3(4F),AMCs 분석기 PM,
2023-11-16 12:00,F4 4F,ThinFilm,401-1,공조 2(4F),CP4(4F),AMCs 분석기 PM,
2023-11-16 12:00,F4 4F,ThinFilm,401-5,공조 7(4F),CP1(4F),AMCs 분석기 PM,
2023-11-16 12:00,F4 4F,ThinFilm,401-5,공조 8(4F),CP2(4F),AMCs 분석기 PM,
2023-11-23 0:00,F4 4F,DIFF(Imp),401-8,공조 10(4F),IP2(4F),AMCs 분석기 PM,
2023-11-23 0:00,F4 4F,ETCH,401-3,공조 3(4F),EP7(4F),AMCs 분석기 PM,
2023-11-23 0:00,F4 4F,ETCH,401-8,공조 11(4F),EP8(4F),AMCs 분석기 PM,
2023-11-23 0:00,F4 4F,ETCH,401-8,공조 11(4F),EP9(4F),AMCs 분석기 PM,
2023-11-23 0:00,F4 4F,OAC,401-3,"공조 3,4,5(4F)",OAC3B(4F),AMCs 분석기 PM,
2023-11-23 0:00,F4 4F,OAC,401-3,"공조 3,4,5(4F)",OAC3F(4F),AMCs 분석기 PM,
2023-11-23 0:00,F4 4F,OAC,401-8,"공조 10,11(4F)",OAC8B(4F),AMCs 분석기 PM,
2023-11-23 0:00,F4 4F,OAC,401-8,"공조 10,11(4F)",OAC8F(4F),AMCs 분석기 PM,
2023-11-23 0:00,F4 4F,PHOTO,401-3,공조 4(4F),PP1(4F),AMCs 분석기 PM,
2023-11-23 0:00,F4 4F,PHOTO,401-3,공조 5(4F),PP2(4F),AMCs 분석기 PM,
2023-11-23 0:00,F4 4F,PHOTO,401-4,공조 5(4F),PP3(4F),AMCs 분석기 PM,
2023-11-23 0:00,F4 4F,PHOTO,401-4,공조 6(4F),PP4(4F),AMCs 분석기 PM,
2023-11-27 14:01,F4 4F,PHOTO,401-3,공조 4(4F),PP1(4F),Chemical Filter 신규 설치,NH3 Chemical Filter 신규 설치
2023-11-28 8:45,F4 4F,PHOTO,401-3,공조 5(4F),PP2(4F),Chemical Filter 신규 설치,NH3 Chemical Filter 신규 설치
2023-11-28 8:50,F4 4F,PHOTO,401-4,공조 5(4F),PP3(4F),Chemical Filter 신규 설치,NH3 Chemical Filter 신규 설치
2023-11-28 8:55,F4 4F,PHOTO,401-4,공조 6(4F),PP4(4F),Chemical Filter 신규 설치,NH3 Chemical Filter 신규 설치
2023-12-06 12:03,F4 4F,PHOTO,401-3,공조 4(4F),PP1(4F),Chemical Filter 철거,"F,NO3 농도 상승 검증 관련 철거"
2023-12-07 12:39,F4 4F,PHOTO,401-3,공조 4(4F),PP1(4F),Chemical Filter 신규 설치,"F,NO3 농도 상승 검증 후 재 설치"
2023-12-13 10:31,F4 4F,ETCH,401-1,공조 1(4F),EP2(4F),개선 Item,4E2B-02호기 ESC 작업관련 FL300 HUME 발생
2023-12-14 12:00,F4 4F,DIFF(Fur),401-5,공조 8(4F),DP1(4F),AMCs 분석기 PM,
2023-12-14 12:00,F4 4F,DIFF(Fur),401-6,공조 8(4F),DP2(4F),AMCs 분석기 PM,
2023-12-14 12:00,F4 4F,DIFF(Fur),401-6,공조 9(4F),DP3(4F),AMCs 분석기 PM,
2023-12-14 12:00,F4 4F,DIFF(Fur),401-6,공조 9(4F),DP4(4F),AMCs 분석기 PM,
2023-12-14 12:00,F4 4F,DIFF(Fur),401-7,공조 9(4F),DP5(4F),AMCs 분석기 PM,
2023-12-14 12:00,F4 4F,DIFF(Imp),401-8,공조 10(4F),IP2(4F),AMCs 분석기 PM,
2023-12-14 12:00,F4 4F,ETCH,401-1,공조 1(4F),EP1(4F),AMCs 분석기 PM,
2023-12-14 12:00,F4 4F,ETCH,401-1,공조 1(4F),EP2(4F),AMCs 분석기 PM,
2023-12-14 12:00,F4 4F,ETCH,401-2,공조 3(4F),EP6(4F),AMCs 분석기 PM,
2023-12-14 12:00,F4 4F,ETCH,401-3,공조 3(4F),EP7(4F),AMCs 분석기 PM,
2023-12-14 12:00,F4 4F,ETCH,401-8,공조 11(4F),EP8(4F),AMCs 분석기 PM,
2023-12-14 12:00,F4 4F,ETCH,401-8,공조 11(4F),EP9(4F),AMCs 분석기 PM,
2023-12-14 12:00,F4 4F,OAC,401-3,"공조 3,4,5(4F)",OAC3B(4F),AMCs 분석기 PM,
2023-12-14 12:00,F4 4F,OAC,401-3,"공조 3,4,5(4F)",OAC3F(4F),AMCs 분석기 PM,
2023-12-14 12:00,F4 4F,OAC,401-8,"공조 10,11(4F)",OAC8B(4F),AMCs 분석기 PM,
2023-12-14 12:00,F4 4F,OAC,401-8,"공조 10,11(4F)",OAC8F(4F),AMCs 분석기 PM,
2023-12-14 12:00,F4 4F,PHOTO,401-3,공조 4(4F),PP1(4F),AMCs 분석기 PM,
2023-12-14 12:00,F4 4F,PHOTO,401-3,공조 5(4F),PP2(4F),AMCs 분석기 PM,
2023-12-14 12:00,F4 4F,PHOTO,401-4,공조 5(4F),PP3(4F),AMCs 분석기 PM,
2023-12-14 12:00,F4 4F,PHOTO,401-4,공조 6(4F),PP4(4F),AMCs 분석기 PM,
2023-12-14 12:00,F4 4F,ThinFilm,401-1,공조 1(4F),CP3(4F),AMCs 분석기 PM,
2023-12-14 12:00,F4 4F,ThinFilm,401-1,공조 2(4F),CP4(4F),AMCs 분석기 PM,
2023-12-14 12:00,F4 4F,ThinFilm,401-5,공조 7(4F),CP1(4F),AMCs 분석기 PM,
2023-12-14 12:00,F4 4F,ThinFilm,401-5,공조 8(4F),CP2(4F),AMCs 분석기 PM,
2023-12-18 11:09,F4 4F,ThinFilm,401-1,공조 1(4F),CP3(4F),Ulpa Filter 교체,"Ulpa Filter 교체 (35장, Probe 제외)"
2023-12-18 21:11,F4 4F,ETCH,401-1,공조 1(4F),EP2(4F),개선 Item,4E04-7A Chiller 교체
2023-12-19 7:13,F4 4F,PHOTO,401-3,공조 4(4F),PP1(4F),Chemical Filter 철거,"F, NO3 이상 점검 Test 철거"
2023-12-19 8:13,F4 4F,PHOTO,401-3,공조 5(4F),PP2(4F),Chemical Filter 철거,"F, NO3 이상 점검 Test 철거"
2023-12-19 8:43,F4 4F,PHOTO,401-4,공조 5(4F),PP3(4F),Chemical Filter 철거,"F, NO3 이상 점검 Test 철거"
2023-12-19 9:14,F4 4F,PHOTO,401-4,공조 6(4F),PP4(4F),Chemical Filter 철거,"F, NO3 이상 점검 Test 철거"
2023-12-19 15:46,F4 4F,ETCH,401-1,공조 1(4F),EP2(4F),개선 Item,4E2B-02 ESC 교체
2023-12-22 10:00,F4 4F,ETCH,401-1,공조 1(4F),EP1(4F),개선 Item,14시 4E04-16 C/D Chiller 교체
2023-01-19 13:59,F4 6F,PHOTO,501-3,공조 6(6F),BP3(6F),Chemical Filter 교체,50T 교체(최초설치22/01/28 계속사용후)
2023-02-09 12:00,F4 6F,DIFF(Imp),501-2,공조 5(6F),RD6(6F),AMCs 분석기 PM,
2023-02-09 12:00,F4 6F,DIFF(Imp),503-2,공조 11(6F),BP9(6F),AMCs 분석기 PM,
2023-02-09 12:00,F4 6F,ETCH,501-3,공조 6(6F),BP2(6F),AMCs 분석기 PM,
2023-02-09 12:00,F4 6F,ETCH,502,공조 8(6F),RD12(6F),AMCs 분석기 PM,
2023-02-09 12:00,F4 6F,ETCH,503-1,공조 8(6F),RD11(6F),AMCs 분석기 PM,
2023-02-09 12:00,F4 6F,ETCH,503-1,공조 9(6F),RD10(6F),AMCs 분석기 PM,
2023-02-09 12:00,F4 6F,ETCH,503-2,공조 12(6F),BP7(6F),AMCs 분석기 PM,
2023-02-09 12:00,F4 6F,OAC,501-3,"공조 5,6(6F)",OAC3B(6F),AMCs 분석기 PM,
2023-02-09 12:00,F4 6F,OAC,501-3,"공조 5,6(6F)",OAC3F(6F),AMCs 분석기 PM,
2023-02-09 12:00,F4 6F,OAC,503-2,"공조 11,12,13(6F)",OAC2B(6F),AMCs 분석기 PM,
2023-02-09 12:00,F4 6F,OAC,503-2,"공조 11,12,13(6F)",OAC2F(6F),AMCs 분석기 PM,
2023-02-09 12:00,F4 6F,PCM,501-3,공조 5(6F),RD7(6F),AMCs 분석기 PM,
2023-02-09 12:00,F4 6F,PCM,503-2,공조 11(6F),BP10(6F),AMCs 분석기 PM,
2023-02-09 12:00,F4 6F,PHOTO,501-2,공조 4(6F),RD5(6F),AMCs 분석기 PM,
2023-02-09 12:00,F4 6F,PHOTO,501-3,공조 6(6F),BP3(6F),AMCs 분석기 PM,
2023-02-09 12:00,F4 6F,PHOTO,503-1,공조 10(6F),RD9(6F),AMCs 분석기 PM,
2023-02-09 12:00,F4 6F,PHOTO,503-2,공조 12(6F),BP6(6F),AMCs 분석기 PM,
2023-02-09 12:00,F4 6F,ThinFilm,501-1,공조 1(6F),RD16(6F),AMCs 분석기 PM,
2023-02-09 12:00,F4 6F,ThinFilm,501-1,공조 2(6F),RD3(6F),AMCs 분석기 PM,
2023-02-09 12:00,F4 6F,ThinFilm,501-2,공조 3(6F),RD2(6F),AMCs 분석기 PM,
2023-02-09 12:00,F4 6F,ThinFilm,501-3,공조 6(6F),BP1(6F),AMCs 분석기 PM,
2023-02-09 12:00,F4 6F,ThinFilm,502,공조 7(6F),RD15(6F),AMCs 분석기 PM,
2023-02-09 12:00,F4 6F,ThinFilm,502,공조 8(6F),RD14(6F),AMCs 분석기 PM,
2023-02-09 12:00,F4 6F,ThinFilm,503-2,공조 13(6F),BP8(6F),AMCs 분석기 PM,
2023-02-24 9:54,F4 6F,ThinFilm,501-3,공조 6(6F),BP1(6F),Chemical Filter 교체,50T 교체(최초설치22/01/28 계속사용후)
2023-02-28 12:44,F4 6F,ETCH,501-3,공조 6(6F),BP2(6F),Chemical Filter 교체,50T 교체(최초설치22/01/28 계속사용후)
2023-03-09 12:00,F4 6F,DIFF(Imp),501-2,공조 5(6F),RD6(6F),AMCs 분석기 PM,
2023-03-09 12:00,F4 6F,DIFF(Imp),503-2,공조 11(6F),BP9(6F),AMCs 분석기 PM,
2023-03-09 12:00,F4 6F,ETCH,501-3,공조 6(6F),BP2(6F),AMCs 분석기 PM,
2023-03-09 12:00,F4 6F,ETCH,502,공조 8(6F),RD12(6F),AMCs 분석기 PM,
2023-03-09 12:00,F4 6F,ETCH,503-1,공조 8(6F),RD11(6F),AMCs 분석기 PM,
2023-03-09 12:00,F4 6F,ETCH,503-1,공조 9(6F),RD10(6F),AMCs 분석기 PM,
2023-03-09 12:00,F4 6F,ETCH,503-2,공조 12(6F),BP7(6F),AMCs 분석기 PM,
2023-03-09 12:00,F4 6F,OAC,501-3,"공조 5,6(6F)",OAC3B(6F),AMCs 분석기 PM,
2023-03-09 12:00,F4 6F,OAC,501-3,"공조 5,6(6F)",OAC3F(6F),AMCs 분석기 PM,
2023-03-09 12:00,F4 6F,OAC,503-2,"공조 11,12,13(6F)",OAC2B(6F),AMCs 분석기 PM,
2023-03-09 12:00,F4 6F,OAC,503-2,"공조 11,12,13(6F)",OAC2F(6F),AMCs 분석기 PM,
2023-03-09 12:00,F4 6F,PCM,501-3,공조 5(6F),RD7(6F),AMCs 분석기 PM,
2023-03-09 12:00,F4 6F,PCM,503-2,공조 11(6F),BP10(6F),AMCs 분석기 PM,
2023-03-09 12:00,F4 6F,PHOTO,501-2,공조 4(6F),RD5(6F),AMCs 분석기 PM,
2023-03-09 12:00,F4 6F,PHOTO,501-3,공조 6(6F),BP3(6F),AMCs 분석기 PM,
2023-03-09 12:00,F4 6F,PHOTO,503-1,공조 10(6F),RD9(6F),AMCs 분석기 PM,
2023-03-09 12:00,F4 6F,PHOTO,503-2,공조 12(6F),BP6(6F),AMCs 분석기 PM,
2023-03-09 12:00,F4 6F,ThinFilm,501-1,공조 1(6F),RD16(6F),AMCs 분석기 PM,
2023-03-09 12:00,F4 6F,ThinFilm,501-1,공조 2(6F),RD3(6F),AMCs 분석기 PM,
2023-03-09 12:00,F4 6F,ThinFilm,501-2,공조 3(6F),RD2(6F),AMCs 분석기 PM,
2023-03-09 12:00,F4 6F,ThinFilm,501-3,공조 6(6F),BP1(6F),AMCs 분석기 PM,
2023-03-09 12:00,F4 6F,ThinFilm,502,공조 7(6F),RD15(6F),AMCs 분석기 PM,
2023-03-09 12:00,F4 6F,ThinFilm,502,공조 8(6F),RD14(6F),AMCs 분석기 PM,
2023-03-09 12:00,F4 6F,ThinFilm,503-2,공조 13(6F),BP8(6F),AMCs 분석기 PM,
2023-04-06 12:00,F4 6F,DIFF(Imp),501-2,공조 5(6F),RD6(6F),AMCs 분석기 PM,
2023-04-06 12:00,F4 6F,DIFF(Imp),503-2,공조 11(6F),BP9(6F),AMCs 분석기 PM,
2023-04-06 12:00,F4 6F,ETCH,501-3,공조 6(6F),BP2(6F),AMCs 분석기 PM,
2023-04-06 12:00,F4 6F,ETCH,502,공조 8(6F),RD12(6F),AMCs 분석기 PM,
2023-04-06 12:00,F4 6F,ETCH,503-1,공조 8(6F),RD11(6F),AMCs 분석기 PM,
2023-04-06 12:00,F4 6F,ETCH,503-1,공조 9(6F),RD10(6F),AMCs 분석기 PM,
2023-04-06 12:00,F4 6F,ETCH,503-2,공조 12(6F),BP7(6F),AMCs 분석기 PM,
2023-04-06 12:00,F4 6F,OAC,501-3,"공조 5,6(6F)",OAC3B(6F),AMCs 분석기 PM,
2023-04-06 12:00,F4 6F,OAC,501-3,"공조 5,6(6F)",OAC3F(6F),AMCs 분석기 PM,
2023-04-06 12:00,F4 6F,OAC,503-2,"공조 11,12,13(6F)",OAC2B(6F),AMCs 분석기 PM,
2023-04-06 12:00,F4 6F,OAC,503-2,"공조 11,12,13(6F)",OAC2F(6F),AMCs 분석기 PM,
2023-04-06 12:00,F4 6F,PCM,501-3,공조 5(6F),RD7(6F),AMCs 분석기 PM,
2023-04-06 12:00,F4 6F,PCM,503-2,공조 11(6F),BP10(6F),AMCs 분석기 PM,
2023-04-06 12:00,F4 6F,PHOTO,501-2,공조 4(6F),RD5(6F),AMCs 분석기 PM,
2023-04-06 12:00,F4 6F,PHOTO,501-3,공조 6(6F),BP3(6F),AMCs 분석기 PM,
2023-04-06 12:00,F4 6F,PHOTO,503-1,공조 10(6F),RD9(6F),AMCs 분석기 PM,
2023-04-06 12:00,F4 6F,PHOTO,503-2,공조 12(6F),BP6(6F),AMCs 분석기 PM,
2023-04-06 12:00,F4 6F,ThinFilm,501-1,공조 1(6F),RD16(6F),AMCs 분석기 PM,
2023-04-06 12:00,F4 6F,ThinFilm,501-1,공조 2(6F),RD3(6F),AMCs 분석기 PM,
2023-04-06 12:00,F4 6F,ThinFilm,501-2,공조 3(6F),RD2(6F),AMCs 분석기 PM,
2023-04-06 12:00,F4 6F,ThinFilm,501-3,공조 6(6F),BP1(6F),AMCs 분석기 PM,
2023-04-06 12:00,F4 6F,ThinFilm,502,공조 7(6F),RD15(6F),AMCs 분석기 PM,
2023-04-06 12:00,F4 6F,ThinFilm,502,공조 8(6F),RD14(6F),AMCs 분석기 PM,
2023-04-06 12:00,F4 6F,ThinFilm,503-2,공조 13(6F),BP8(6F),AMCs 분석기 PM,
2023-05-18 12:00,F4 6F,DIFF(Imp),501-2,공조 5(6F),RD6(6F),AMCs 분석기 PM,Guard Column
2023-05-18 12:00,F4 6F,DIFF(Imp),503-2,공조 11(6F),BP9(6F),AMCs 분석기 PM,Guard Column
2023-05-18 12:00,F4 6F,ETCH,501-3,공조 6(6F),BP2(6F),AMCs 분석기 PM,Guard Column
2023-05-18 12:00,F4 6F,ETCH,502,공조 8(6F),RD12(6F),AMCs 분석기 PM,Guard Column
2023-05-18 12:00,F4 6F,ETCH,503-1,공조 8(6F),RD11(6F),AMCs 분석기 PM,Guard Column
2023-05-18 12:00,F4 6F,ETCH,503-1,공조 9(6F),RD10(6F),AMCs 분석기 PM,Guard Column
2023-05-18 12:00,F4 6F,ETCH,503-2,공조 12(6F),BP7(6F),AMCs 분석기 PM,Guard Column
2023-05-18 12:00,F4 6F,OAC,501-3,"공조 5,6(6F)",OAC3B(6F),AMCs 분석기 PM,Guard Column
2023-05-18 12:00,F4 6F,OAC,501-3,"공조 5,6(6F)",OAC3F(6F),AMCs 분석기 PM,Guard Column
2023-05-18 12:00,F4 6F,OAC,503-2,"공조 11,12,13(6F)",OAC2B(6F),AMCs 분석기 PM,Guard Column
2023-05-18 12:00,F4 6F,OAC,503-2,"공조 11,12,13(6F)",OAC2F(6F),AMCs 분석기 PM,Guard Column
2023-05-18 12:00,F4 6F,PCM,501-3,공조 5(6F),RD7(6F),AMCs 분석기 PM,Guard Column
2023-05-18 12:00,F4 6F,PCM,503-2,공조 11(6F),BP10(6F),AMCs 분석기 PM,Guard Column
2023-05-18 12:00,F4 6F,PHOTO,501-2,공조 4(6F),RD5(6F),AMCs 분석기 PM,Guard Column
2023-05-18 12:00,F4 6F,PHOTO,501-3,공조 6(6F),BP3(6F),AMCs 분석기 PM,Guard Column
2023-05-18 12:00,F4 6F,PHOTO,503-1,공조 10(6F),RD9(6F),AMCs 분석기 PM,Guard Column
2023-05-18 12:00,F4 6F,PHOTO,503-2,공조 12(6F),BP6(6F),AMCs 분석기 PM,Guard Column
2023-05-18 12:00,F4 6F,ThinFilm,501-1,공조 1(6F),RD16(6F),AMCs 분석기 PM,Guard Column
2023-05-18 12:00,F4 6F,ThinFilm,501-1,공조 2(6F),RD3(6F),AMCs 분석기 PM,Guard Column
2023-05-18 12:00,F4 6F,ThinFilm,501-2,공조 3(6F),RD2(6F),AMCs 분석기 PM,Guard Column
2023-05-18 12:00,F4 6F,ThinFilm,501-3,공조 6(6F),BP1(6F),AMCs 분석기 PM,Guard Column
2023-05-18 12:00,F4 6F,ThinFilm,502,공조 7(6F),RD15(6F),AMCs 분석기 PM,Guard Column
2023-05-18 12:00,F4 6F,ThinFilm,502,공조 8(6F),RD14(6F),AMCs 분석기 PM,Guard Column
2023-05-18 12:00,F4 6F,ThinFilm,503-2,공조 13(6F),BP8(6F),AMCs 분석기 PM,Guard Column
2023-06-07 8:54,F4 6F,ETCH,503-1,공조 8(6F),RD11(6F),Chemical Filter 교체,최초설치 50T
2023-06-07 9:24,F4 6F,ETCH,502,공조 8(6F),RD12(6F),Chemical Filter 교체,최초설치 50T
2023-06-07 9:54,F4 6F,ThinFilm,502,공조 8(6F),RD14(6F),Chemical Filter 교체,최초설치 50T
2023-06-07 10:24,F4 6F,ThinFilm,502,공조 7(6F),RD15(6F),Chemical Filter 교체,최초설치 50T
2023-06-08 7:59,F4 6F,PHOTO,503-1,공조 10(6F),RD9(6F),Chemical Filter 교체,50T 교체(최초설비 22/01/28 계속 사용)
2023-06-08 8:29,F4 6F,ETCH,503-1,공조 9(6F),RD10(6F),Chemical Filter 교체,50T 교체 (최초설지 22/01/28 계속 사용)
2023-06-08 12:00,F4 6F,DIFF(Imp),501-2,공조 5(6F),RD6(6F),AMCs 분석기 PM,
2023-06-08 12:00,F4 6F,DIFF(Imp),503-2,공조 11(6F),BP9(6F),AMCs 분석기 PM,
2023-06-08 12:00,F4 6F,ETCH,501-3,공조 6(6F),BP2(6F),AMCs 분석기 PM,
2023-06-08 12:00,F4 6F,ETCH,502,공조 8(6F),RD12(6F),AMCs 분석기 PM,
2023-06-08 12:00,F4 6F,ETCH,503-1,공조 8(6F),RD11(6F),AMCs 분석기 PM,
2023-06-08 12:00,F4 6F,ETCH,503-1,공조 9(6F),RD10(6F),AMCs 분석기 PM,
2023-06-08 12:00,F4 6F,ETCH,503-2,공조 12(6F),BP7(6F),AMCs 분석기 PM,
2023-06-08 12:00,F4 6F,OAC,501-3,"공조 5,6(6F)",OAC3B(6F),AMCs 분석기 PM,
2023-06-08 12:00,F4 6F,OAC,501-3,"공조 5,6(6F)",OAC3F(6F),AMCs 분석기 PM,
2023-06-08 12:00,F4 6F,OAC,503-2,"공조 11,12,13(6F)",OAC2B(6F),AMCs 분석기 PM,
2023-06-08 12:00,F4 6F,OAC,503-2,"공조 11,12,13(6F)",OAC2F(6F),AMCs 분석기 PM,
2023-06-08 12:00,F4 6F,PCM,501-3,공조 5(6F),RD7(6F),AMCs 분석기 PM,
2023-06-08 12:00,F4 6F,PCM,503-2,공조 11(6F),BP10(6F),AMCs 분석기 PM,
2023-06-08 12:00,F4 6F,PHOTO,501-2,공조 4(6F),RD5(6F),AMCs 분석기 PM,
2023-06-08 12:00,F4 6F,PHOTO,501-3,공조 6(6F),BP3(6F),AMCs 분석기 PM,
2023-06-08 12:00,F4 6F,PHOTO,503-1,공조 10(6F),RD9(6F),AMCs 분석기 PM,
2023-06-08 12:00,F4 6F,PHOTO,503-2,공조 12(6F),BP6(6F),AMCs 분석기 PM,
2023-06-08 12:00,F4 6F,ThinFilm,501-1,공조 1(6F),RD16(6F),AMCs 분석기 PM,
2023-06-08 12:00,F4 6F,ThinFilm,501-1,공조 2(6F),RD3(6F),AMCs 분석기 PM,
2023-06-08 12:00,F4 6F,ThinFilm,501-2,공조 3(6F),RD2(6F),AMCs 분석기 PM,
2023-06-08 12:00,F4 6F,ThinFilm,501-3,공조 6(6F),BP1(6F),AMCs 분석기 PM,
2023-06-08 12:00,F4 6F,ThinFilm,502,공조 7(6F),RD15(6F),AMCs 분석기 PM,
2023-06-08 12:00,F4 6F,ThinFilm,502,공조 8(6F),RD14(6F),AMCs 분석기 PM,
2023-06-08 12:00,F4 6F,ThinFilm,503-2,공조 13(6F),BP8(6F),AMCs 분석기 PM,
2023-07-06 12:00,F4 6F,ETCH,502,공조 8(6F),RD12(6F),AMCs 분석기 PM,"Analysis Column, Suppressor"
2023-07-06 12:00,F4 6F,ETCH,503-1,공조 8(6F),RD11(6F),AMCs 분석기 PM,"Analysis Column, Suppressor"
2023-07-06 12:00,F4 6F,ETCH,503-1,공조 9(6F),RD10(6F),AMCs 분석기 PM,"Analysis Column, Suppressor"
2023-07-06 12:00,F4 6F,OAC,501-3,"공조 5,6(6F)",OAC3B(6F),AMCs 분석기 PM,"Analysis Column, Suppressor"
2023-07-06 12:00,F4 6F,OAC,501-3,"공조 5,6(6F)",OAC3F(6F),AMCs 분석기 PM,"Analysis Column, Suppressor"
2023-07-06 12:00,F4 6F,OAC,503-2,"공조 11,12,13(6F)",OAC2B(6F),AMCs 분석기 PM,"Analysis Column, Suppressor"
2023-07-06 12:00,F4 6F,OAC,503-2,"공조 11,12,13(6F)",OAC2F(6F),AMCs 분석기 PM,"Analysis Column, Suppressor"
2023-07-06 12:00,F4 6F,PCM,501-3,공조 5(6F),RD7(6F),AMCs 분석기 PM,"Analysis Column, Suppressor"
2023-07-06 12:00,F4 6F,PHOTO,503-1,공조 10(6F),RD9(6F),AMCs 분석기 PM,"Analysis Column, Suppressor"
2023-07-06 12:00,F4 6F,ThinFilm,501-1,공조 1(6F),RD16(6F),AMCs 분석기 PM,"Analysis Column, Suppressor"
2023-07-06 12:00,F4 6F,ThinFilm,502,공조 7(6F),RD15(6F),AMCs 분석기 PM,"Analysis Column, Suppressor"
2023-07-06 12:00,F4 6F,ThinFilm,502,공조 8(6F),RD14(6F),AMCs 분석기 PM,"Analysis Column, Suppressor"
2023-07-28 12:00,F4 6F,DIFF(Imp),501-2,공조 5(6F),RD6(6F),AMCs 분석기 PM,
2023-07-28 12:00,F4 6F,DIFF(Imp),503-2,공조 11(6F),BP9(6F),AMCs 분석기 PM,
2023-07-28 12:00,F4 6F,ETCH,501-3,공조 6(6F),BP2(6F),AMCs 분석기 PM,
2023-07-28 12:00,F4 6F,ETCH,503-2,공조 12(6F),BP7(6F),AMCs 분석기 PM,
2023-07-28 12:00,F4 6F,PCM,503-2,공조 11(6F),BP10(6F),AMCs 분석기 PM,
2023-07-28 12:00,F4 6F,PHOTO,501-2,공조 4(6F),RD5(6F),AMCs 분석기 PM,
2023-07-28 12:00,F4 6F,PHOTO,501-3,공조 6(6F),BP3(6F),AMCs 분석기 PM,
2023-07-28 12:00,F4 6F,PHOTO,503-2,공조 12(6F),BP6(6F),AMCs 분석기 PM,
2023-07-28 12:00,F4 6F,ThinFilm,501-1,공조 2(6F),RD3(6F),AMCs 분석기 PM,
2023-07-28 12:00,F4 6F,ThinFilm,501-2,공조 3(6F),RD2(6F),AMCs 분석기 PM,
2023-07-28 12:00,F4 6F,ThinFilm,501-3,공조 6(6F),BP1(6F),AMCs 분석기 PM,
2023-07-28 12:00,F4 6F,ThinFilm,503-2,공조 13(6F),BP8(6F),AMCs 분석기 PM,
2023-08-03 12:00,F4 6F,ETCH,502,공조 8(6F),RD12(6F),AMCs 분석기 PM,
2023-08-03 12:00,F4 6F,ETCH,503-1,공조 8(6F),RD11(6F),AMCs 분석기 PM,
2023-08-03 12:00,F4 6F,ETCH,503-1,공조 9(6F),RD10(6F),AMCs 분석기 PM,
2023-08-03 12:00,F4 6F,OAC,501-3,"공조 5,6(6F)",OAC3B(6F),AMCs 분석기 PM,
2023-08-03 12:00,F4 6F,OAC,501-3,"공조 5,6(6F)",OAC3F(6F),AMCs 분석기 PM,
2023-08-03 12:00,F4 6F,OAC,503-2,"공조 11,12,13(6F)",OAC2B(6F),AMCs 분석기 PM,
2023-08-03 12:00,F4 6F,OAC,503-2,"공조 11,12,13(6F)",OAC2F(6F),AMCs 분석기 PM,
2023-08-03 12:00,F4 6F,PCM,501-3,공조 5(6F),RD7(6F),AMCs 분석기 PM,
2023-08-03 12:00,F4 6F,PHOTO,503-1,공조 10(6F),RD9(6F),AMCs 분석기 PM,
2023-08-03 12:00,F4 6F,ThinFilm,501-1,공조 1(6F),RD16(6F),AMCs 분석기 PM,
2023-08-03 12:00,F4 6F,ThinFilm,502,공조 7(6F),RD15(6F),AMCs 분석기 PM,
2023-08-03 12:00,F4 6F,ThinFilm,502,공조 8(6F),RD14(6F),AMCs 분석기 PM,
2023-08-29 12:05,F4 6F,ThinFilm,501-1,공조 1(6F),RD16(6F),Chemical Filter 교체,6F DFU 501-1~3 50T 90장 신규 설치
2023-08-29 14:09,F4 6F,ThinFilm,501-1,공조 2(6F),RD3(6F),Chemical Filter 교체,2F DFU 102-2 80T 30장(8/18일 설치 사용 Filter) 이동 설치
2023-08-29 14:35,F4 6F,PCM,501-3,공조 5(6F),RD7(6F),Chemical Filter 교체,6F DFU 505-3~6 50T 120장 신규 설치
2023-08-29 14:39,F4 6F,PHOTO,501-2,공조 4(6F),RD5(6F),Chemical Filter 교체,"6F DFU 504-1,2/505-1,2 50T 120장 신규 설치"
2023-08-29 15:09,F4 6F,DIFF(Imp),501-2,공조 5(6F),RD6(6F),Chemical Filter 교체,6F DFU 505-3~6 50T 120장 신규 설치
2023-08-30 9:39,F4 6F,PHOTO,503-1,공조 10(6F),RD9(6F),Chemical Filter 교체,6F DFU 509-3~5 50T 90장 신규 설치
2023-09-07 12:00,F4 6F,DIFF(Imp),501-2,공조 5(6F),RD6(6F),AMCs 분석기 PM,
2023-09-07 12:00,F4 6F,DIFF(Imp),503-2,공조 11(6F),BP9(6F),AMCs 분석기 PM,
2023-09-07 12:00,F4 6F,ETCH,501-3,공조 6(6F),BP2(6F),AMCs 분석기 PM,
2023-09-07 12:00,F4 6F,ETCH,502,공조 8(6F),RD12(6F),AMCs 분석기 PM,
2023-09-07 12:00,F4 6F,ETCH,503-1,공조 8(6F),RD11(6F),AMCs 분석기 PM,
2023-09-07 12:00,F4 6F,ETCH,503-1,공조 9(6F),RD10(6F),AMCs 분석기 PM,
2023-09-07 12:00,F4 6F,ETCH,503-2,공조 12(6F),BP7(6F),AMCs 분석기 PM,
2023-09-07 12:00,F4 6F,OAC,501-3,"공조 5,6(6F)",OAC3B(6F),AMCs 분석기 PM,
2023-09-07 12:00,F4 6F,OAC,501-3,"공조 5,6(6F)",OAC3F(6F),AMCs 분석기 PM,
2023-09-07 12:00,F4 6F,OAC,503-2,"공조 11,12,13(6F)",OAC2B(6F),AMCs 분석기 PM,
2023-09-07 12:00,F4 6F,OAC,503-2,"공조 11,12,13(6F)",OAC2F(6F),AMCs 분석기 PM,
2023-09-07 12:00,F4 6F,PCM,501-3,공조 5(6F),RD7(6F),AMCs 분석기 PM,
2023-09-07 12:00,F4 6F,PCM,503-2,공조 11(6F),BP10(6F),AMCs 분석기 PM,
2023-09-07 12:00,F4 6F,PHOTO,501-2,공조 4(6F),RD5(6F),AMCs 분석기 PM,
2023-09-07 12:00,F4 6F,PHOTO,501-3,공조 6(6F),BP3(6F),AMCs 분석기 PM,
2023-09-07 12:00,F4 6F,PHOTO,503-1,공조 10(6F),RD9(6F),AMCs 분석기 PM,
2023-09-07 12:00,F4 6F,PHOTO,503-2,공조 12(6F),BP6(6F),AMCs 분석기 PM,
2023-09-07 12:00,F4 6F,ThinFilm,501-1,공조 1(6F),RD16(6F),AMCs 분석기 PM,
2023-09-07 12:00,F4 6F,ThinFilm,501-1,공조 2(6F),RD3(6F),AMCs 분석기 PM,
2023-09-07 12:00,F4 6F,ThinFilm,501-2,공조 3(6F),RD2(6F),AMCs 분석기 PM,
2023-09-07 12:00,F4 6F,ThinFilm,501-3,공조 6(6F),BP1(6F),AMCs 분석기 PM,
2023-09-07 12:00,F4 6F,ThinFilm,502,공조 7(6F),RD15(6F),AMCs 분석기 PM,
2023-09-07 12:00,F4 6F,ThinFilm,502,공조 8(6F),RD14(6F),AMCs 분석기 PM,
2023-09-07 12:00,F4 6F,ThinFilm,503-2,공조 13(6F),BP8(6F),AMCs 분석기 PM,
2023-09-26 14:03,F4 6F,ThinFilm,501-2,공조 3(6F),RD2(6F),Chemical Filter 교체,최초설치 50T(150장)
2023-10-05 12:00,F4 6F,DIFF(Imp),501-2,공조 5(6F),RD6(6F),AMCs 분석기 PM,"Analysis Column, Suppressor, 2.5mL Syringe"
2023-10-05 12:00,F4 6F,DIFF(Imp),503-2,공조 11(6F),BP9(6F),AMCs 분석기 PM,"Analysis Column, Suppressor, 2.5mL Syringe"
2023-10-05 12:00,F4 6F,ETCH,501-3,공조 6(6F),BP2(6F),AMCs 분석기 PM,"Analysis Column, Suppressor, 2.5mL Syringe"
2023-10-05 12:00,F4 6F,ETCH,502,공조 8(6F),RD12(6F),AMCs 분석기 PM,"Analysis Column, Suppressor, 830 Mini V/P"
2023-10-05 12:00,F4 6F,ETCH,503-1,공조 8(6F),RD11(6F),AMCs 분석기 PM,"Analysis Column, Suppressor, 830 Mini V/P"
2023-10-05 12:00,F4 6F,ETCH,503-1,공조 9(6F),RD10(6F),AMCs 분석기 PM,"Analysis Column, Suppressor, 830 Mini V/P"
2023-10-05 12:00,F4 6F,ETCH,503-2,공조 12(6F),BP7(6F),AMCs 분석기 PM,"Analysis Column, Suppressor, 2.5mL Syringe"
2023-10-05 12:00,F4 6F,OAC,501-3,"공조 5,6(6F)",OAC3B(6F),AMCs 분석기 PM,"Analysis Column, Suppressor, 830 Mini V/P"
2023-10-05 12:00,F4 6F,OAC,501-3,"공조 5,6(6F)",OAC3F(6F),AMCs 분석기 PM,"Analysis Column, Suppressor, 830 Mini V/P"
2023-10-05 12:00,F4 6F,OAC,503-2,"공조 11,12,13(6F)",OAC2B(6F),AMCs 분석기 PM,"Analysis Column, Suppressor, 830 Mini V/P"
2023-10-05 12:00,F4 6F,OAC,503-2,"공조 11,12,13(6F)",OAC2F(6F),AMCs 분석기 PM,"Analysis Column, Suppressor, 830 Mini V/P"
2023-10-05 12:00,F4 6F,PCM,501-3,공조 5(6F),RD7(6F),AMCs 분석기 PM,"Analysis Column, Suppressor, 830 Mini V/P"
2023-10-05 12:00,F4 6F,PCM,503-2,공조 11(6F),BP10(6F),AMCs 분석기 PM,"Analysis Column, Suppressor, 2.5mL Syringe"
2023-10-05 12:00,F4 6F,PHOTO,501-2,공조 4(6F),RD5(6F),AMCs 분석기 PM,"Analysis Column, Suppressor, 2.5mL Syringe"
2023-10-05 12:00,F4 6F,PHOTO,501-3,공조 6(6F),BP3(6F),AMCs 분석기 PM,"Analysis Column, Suppressor, 2.5mL Syringe"
2023-10-05 12:00,F4 6F,PHOTO,503-1,공조 10(6F),RD9(6F),AMCs 분석기 PM,"Analysis Column, Suppressor, 830 Mini V/P"
2023-10-05 12:00,F4 6F,PHOTO,503-2,공조 12(6F),BP6(6F),AMCs 분석기 PM,"Analysis Column, Suppressor, 2.5mL Syringe"
2023-10-05 12:00,F4 6F,ThinFilm,501-1,공조 1(6F),RD16(6F),AMCs 분석기 PM,"Analysis Column, Suppressor, 830 Mini V/P"
2023-10-05 12:00,F4 6F,ThinFilm,501-1,공조 2(6F),RD3(6F),AMCs 분석기 PM,"Analysis Column, Suppressor, 2.5mL Syringe"
2023-10-05 12:00,F4 6F,ThinFilm,501-2,공조 3(6F),RD2(6F),AMCs 분석기 PM,"Analysis Column, Suppressor, 2.5mL Syringe"
2023-10-05 12:00,F4 6F,ThinFilm,501-3,공조 6(6F),BP1(6F),AMCs 분석기 PM,"Analysis Column, Suppressor, 2.5mL Syringe"
2023-10-05 12:00,F4 6F,ThinFilm,502,공조 7(6F),RD15(6F),AMCs 분석기 PM,"Analysis Column, Suppressor, 830 Mini V/P"
2023-10-05 12:00,F4 6F,ThinFilm,502,공조 8(6F),RD14(6F),AMCs 분석기 PM,"Analysis Column, Suppressor, 830 Mini V/P"
2023-10-05 12:00,F4 6F,ThinFilm,503-2,공조 13(6F),BP8(6F),AMCs 분석기 PM,"Analysis Column, Suppressor, 2.5mL Syringe"
2023-10-15 9:06,F4 6F,ThinFilm,503-2,공조 13(6F),BP8(6F),Chemical Filter 교체,DFU 511 Chemical Filter 30장 교체
2023-11-09 12:00,F4 6F,DIFF(Imp),501-2,공조 5(6F),RD6(6F),AMCs 분석기 PM,Guard Column
2023-11-09 12:00,F4 6F,DIFF(Imp),503-2,공조 11(6F),BP9(6F),AMCs 분석기 PM,Guard Column
2023-11-09 12:00,F4 6F,ETCH,501-3,공조 6(6F),BP2(6F),AMCs 분석기 PM,Guard Column
2023-11-09 12:00,F4 6F,ETCH,503-2,공조 12(6F),BP7(6F),AMCs 분석기 PM,Guard Column
2023-11-09 12:00,F4 6F,PCM,503-2,공조 11(6F),BP10(6F),AMCs 분석기 PM,Guard Column
2023-11-09 12:00,F4 6F,PHOTO,501-2,공조 4(6F),RD5(6F),AMCs 분석기 PM,Guard Column
2023-11-09 12:00,F4 6F,PHOTO,501-3,공조 6(6F),BP3(6F),AMCs 분석기 PM,Guard Column
2023-11-09 12:00,F4 6F,PHOTO,503-2,공조 12(6F),BP6(6F),AMCs 분석기 PM,Guard Column
2023-11-09 12:00,F4 6F,ThinFilm,501-1,공조 2(6F),RD3(6F),AMCs 분석기 PM,Guard Column
2023-11-09 12:00,F4 6F,ThinFilm,501-2,공조 3(6F),RD2(6F),AMCs 분석기 PM,Guard Column
2023-11-09 12:00,F4 6F,ThinFilm,501-3,공조 6(6F),BP1(6F),AMCs 분석기 PM,Guard Column
2023-11-09 12:00,F4 6F,ThinFilm,503-2,공조 13(6F),BP8(6F),AMCs 분석기 PM,Guard Column
2023-11-21 18:13,F4 6F,ThinFilm,503-2,공조 13(6F),BP8(6F),Chemical Filter 철거,23/10/15 설치 필터 제거 30장
2023-11-22 12:00,F4 6F,ETCH,503-2,공조 12(6F),BP7(6F),개선 Item,BP-7 ACID Main Flange부 Leak 썬패치 작업완료(10:00~12:00)
2023-11-22 12:57,F4 6F,ThinFilm,503-2,공조 13(6F),BP8(6F),개선 Item,BP-7/8 경계 Acid Main Flange부 Leak  썬패치 작업(10:00~12:00)
2023-11-22 13:57,F4 6F,ThinFilm,503-2,공조 13(6F),BP8(6F),Chemical Filter 교체,기사용분 재 설치 30장
2023-11-22 14:30,F4 6F,ThinFilm,503-2,공조 13(6F),BP8(6F),개선 Item,B01-5 PUMP 3대 FAB OUT (14:00~15:30)
2023-11-22 20:29,F4 6F,ThinFilm,503-2,공조 13(6F),BP8(6F),Chemical Filter 교체,신규 필터 30장으로 교체
2023-11-23 11:32,F4 6F,ThinFilm,503-2,공조 13(6F),BP8(6F),Ulpa Filter 교체,Probe 주변 6장 교체
2023-11-25 14:00,F4 6F,ThinFilm,503-2,공조 13(6F),BP8(6F),개선 Item,ACID Main Flange부 4개소 썬패치 작업 완료
2023-11-26 14:00,F4 6F,ThinFilm,503-2,공조 13(6F),BP8(6F),개선 Item,BP-8 썬패치 미실시 Acid Main Duct Flange부 실리콘 코킹 실링 마감 완료
2023-11-30 12:00,F4 6F,ETCH,502,공조 8(6F),RD12(6F),,
2023-11-30 12:00,F4 6F,ETCH,503-1,공조 8(6F),RD11(6F),,
2023-11-30 12:00,F4 6F,ETCH,503-1,공조 9(6F),RD10(6F),,
2023-11-30 12:00,F4 6F,OAC,501-3,"공조 5,6(6F)",OAC3B(6F),,
2023-11-30 12:00,F4 6F,OAC,501-3,"공조 5,6(6F)",OAC3F(6F),,
2023-11-30 12:00,F4 6F,OAC,503-2,"공조 11,12,13(6F)",OAC2B(6F),,
2023-11-30 12:00,F4 6F,OAC,503-2,"공조 11,12,13(6F)",OAC2F(6F),,
2023-11-30 12:00,F4 6F,PCM,501-3,공조 5(6F),RD7(6F),,
2023-11-30 12:00,F4 6F,PHOTO,503-1,공조 10(6F),RD9(6F),,
2023-11-30 12:00,F4 6F,ThinFilm,501-1,공조 1(6F),RD16(6F),,
2023-11-30 12:00,F4 6F,ThinFilm,502,공조 7(6F),RD15(6F),,
2023-11-30 12:00,F4 6F,ThinFilm,502,공조 8(6F),RD14(6F),,
2023-12-07 12:00,F4 6F,DIFF(Imp),501-2,공조 5(6F),RD6(6F),AMCs 분석기 PM,
2023-12-07 12:00,F4 6F,DIFF(Imp),503-2,공조 11(6F),BP9(6F),AMCs 분석기 PM,
2023-12-07 12:00,F4 6F,ETCH,501-3,공조 6(6F),BP2(6F),AMCs 분석기 PM,
2023-12-07 12:00,F4 6F,ETCH,502,공조 8(6F),RD12(6F),AMCs 분석기 PM,
2023-12-07 12:00,F4 6F,ETCH,503-1,공조 8(6F),RD11(6F),AMCs 분석기 PM,
2023-12-07 12:00,F4 6F,ETCH,503-1,공조 9(6F),RD10(6F),AMCs 분석기 PM,
2023-12-07 12:00,F4 6F,ETCH,503-2,공조 12(6F),BP7(6F),AMCs 분석기 PM,
2023-12-07 12:00,F4 6F,OAC,501-3,"공조 5,6(6F)",OAC3B(6F),AMCs 분석기 PM,
2023-12-07 12:00,F4 6F,OAC,501-3,"공조 5,6(6F)",OAC3F(6F),AMCs 분석기 PM,
2023-12-07 12:00,F4 6F,OAC,503-2,"공조 11,12,13(6F)",OAC2B(6F),AMCs 분석기 PM,
2023-12-07 12:00,F4 6F,OAC,503-2,"공조 11,12,13(6F)",OAC2F(6F),AMCs 분석기 PM,
2023-12-07 12:00,F4 6F,PCM,501-3,공조 5(6F),RD7(6F),AMCs 분석기 PM,
2023-12-07 12:00,F4 6F,PCM,503-2,공조 11(6F),BP10(6F),AMCs 분석기 PM,
2023-12-07 12:00,F4 6F,PHOTO,501-2,공조 4(6F),RD5(6F),AMCs 분석기 PM,
2023-12-07 12:00,F4 6F,PHOTO,501-3,공조 6(6F),BP3(6F),AMCs 분석기 PM,
2023-12-07 12:00,F4 6F,PHOTO,503-1,공조 10(6F),RD9(6F),AMCs 분석기 PM,
2023-12-07 12:00,F4 6F,PHOTO,503-2,공조 12(6F),BP6(6F),AMCs 분석기 PM,
2023-12-07 12:00,F4 6F,ThinFilm,501-1,공조 1(6F),RD16(6F),AMCs 분석기 PM,
2023-12-07 12:00,F4 6F,ThinFilm,501-1,공조 2(6F),RD3(6F),AMCs 분석기 PM,
2023-12-07 12:00,F4 6F,ThinFilm,501-2,공조 3(6F),RD2(6F),AMCs 분석기 PM,
2023-12-07 12:00,F4 6F,ThinFilm,501-3,공조 6(6F),BP1(6F),AMCs 분석기 PM,
2023-12-07 12:00,F4 6F,ThinFilm,502,공조 7(6F),RD15(6F),AMCs 분석기 PM,
2023-12-07 12:00,F4 6F,ThinFilm,502,공조 8(6F),RD14(6F),AMCs 분석기 PM,
2023-12-07 12:00,F4 6F,ThinFilm,503-2,공조 13(6F),BP8(6F),AMCs 분석기 PM,
